VERSION 1.1
UPDATED 2024 Aug 06 11:00:17 UTC
# ----------------------------------------------------------------------------------------------------
#                    EARTH ORIENTATION PARAMETERS (EOP) DATA
# ----------------------------------------------------------------------------------------------------
#
# See http://celestrak.org/SpaceData/EOP-format.asp for format details.
#
# ----------------------------------------------------------------------------------------------------
#
# EOP (IERS) 20 C04 TIME SERIES  (old format)
# Description: https://hpiers.obspm.fr/eoppc/eop/eopc04/eopc04.txt
# contact: christian.bizouard@obspm.fr
#
# FORMAT(I4,I3,I3,I6,2F10.6,2F11.7,4F10.6,I4)
# ----------------------------------------------------------------------------------------------------
#   Date    MJD      x         y       UT1-UTC      LOD       dPsi    dEpsilon     dX        dY    DAT
# (0h UTC)           "         "          s          s          "        "          "         "     s
# ----------------------------------------------------------------------------------------------------
# y4 mm dd nnnnn +n.nnnnnn +n.nnnnnn +n.nnnnnnn +n.nnnnnnn +n.nnnnnn +n.nnnnnn +n.nnnnnn +n.nnnnnn nnn
# ----------------------------------------------------------------------------------------------------
#
NUM_OBSERVED_POINTS 2044
BEGIN OBSERVED
2019 01 01 58484  0.086392  0.271153 -0.0361567  0.0009246 -0.106865 -0.007280  0.000258 -0.000027  37
2019 01 02 58485  0.084374  0.271932 -0.0370275  0.0008123 -0.106983 -0.007289  0.000307 -0.000003  37
2019 01 03 58486  0.081877  0.272475 -0.0377567  0.0006101 -0.106956 -0.007289  0.000357 -0.000010  37
2019 01 04 58487  0.079109  0.272532 -0.0382807  0.0004637 -0.106735 -0.007382  0.000398 -0.000081  37
2019 01 05 58488  0.076501  0.272559 -0.0387056  0.0004123 -0.106454 -0.007521  0.000406 -0.000127  37
2019 01 06 58489  0.074192  0.272887 -0.0390993  0.0003649 -0.106241 -0.007626  0.000384 -0.000134  37
2019 01 07 58490  0.072297  0.273342 -0.0394449  0.0003248 -0.106114 -0.007612  0.000350 -0.000121  37
2019 01 08 58491  0.071181  0.273824 -0.0397692  0.0003344 -0.106075 -0.007489  0.000319 -0.000100  37
2019 01 09 58492  0.070594  0.274734 -0.0401286  0.0003908 -0.106032 -0.007408  0.000347 -0.000112  37
2019 01 10 58493  0.069738  0.275634 -0.0405609  0.0004763 -0.106065 -0.007441  0.000393 -0.000133  37
2019 01 11 58494  0.068871  0.276108 -0.0410879  0.0005799 -0.106082 -0.007554  0.000436 -0.000151  37
2019 01 12 58495  0.068270  0.276993 -0.0417215  0.0006869 -0.106034 -0.007649  0.000446 -0.000151  37
2019 01 13 58496  0.067652  0.278386 -0.0424573  0.0007822 -0.105982 -0.007701  0.000428 -0.000138  37
2019 01 14 58497  0.066998  0.280045 -0.0432771  0.0008522 -0.106084 -0.007741  0.000397 -0.000120  37
2019 01 15 58498  0.066303  0.281923 -0.0441508  0.0008900 -0.106328 -0.007740  0.000357 -0.000103  37
2019 01 16 58499  0.065508  0.283737 -0.0450429  0.0008879 -0.106511 -0.007593  0.000315 -0.000093  37
2019 01 17 58500  0.064400  0.285437 -0.0459122  0.0008458 -0.106628 -0.007279  0.000273 -0.000089  37
2019 01 18 58501  0.063066  0.286736 -0.0467265  0.0007832 -0.106968 -0.007026  0.000235 -0.000089  37
2019 01 19 58502  0.061925  0.287692 -0.0474813  0.0007304 -0.107556 -0.007123  0.000228 -0.000104  37
2019 01 20 58503  0.060927  0.288657 -0.0482066  0.0007292 -0.107966 -0.007524  0.000238 -0.000126  37
2019 01 21 58504  0.060059  0.289610 -0.0489735  0.0008240 -0.107710 -0.007855  0.000253 -0.000150  37
2019 01 22 58505  0.059501  0.290612 -0.0498791  0.0009980 -0.106863 -0.007855  0.000263 -0.000170  37
2019 01 23 58506  0.059023  0.292020 -0.0509751  0.0011899 -0.105998 -0.007648  0.000262 -0.000182  37
2019 01 24 58507  0.058318  0.293906 -0.0522483  0.0013445 -0.105637 -0.007478  0.000225 -0.000174  37
2019 01 25 58508  0.057031  0.295758 -0.0536413  0.0014265 -0.105750 -0.007400  0.000186 -0.000161  37
2019 01 26 58509  0.055489  0.297202 -0.0550749  0.0014288 -0.106033 -0.007315  0.000183 -0.000151  37
2019 01 27 58510  0.054324  0.298582 -0.0564738  0.0013665 -0.106249 -0.007229  0.000212 -0.000145  37
2019 01 28 58511  0.053481  0.300055 -0.0577767  0.0012270 -0.106300 -0.007266  0.000260 -0.000144  37
2019 01 29 58512  0.052613  0.301484 -0.0589078  0.0010186 -0.106268 -0.007454  0.000319 -0.000149  37
2019 01 30 58513  0.051633  0.302876 -0.0598226  0.0008184 -0.106278 -0.007674  0.000389 -0.000163  37
2019 01 31 58514  0.050656  0.304350 -0.0605577  0.0006620 -0.106542 -0.007794  0.000365 -0.000153  37
2019 02 01 58515  0.049859  0.306205 -0.0611594  0.0005449 -0.106825 -0.007849  0.000264 -0.000127  37
2019 02 02 58516  0.048980  0.308435 -0.0616696  0.0004851 -0.106677 -0.007963  0.000227 -0.000136  37
2019 02 03 58517  0.047548  0.310381 -0.0621551  0.0005016 -0.106233 -0.008100  0.000248 -0.000172  37
2019 02 04 58518  0.046023  0.311645 -0.0626908  0.0005811 -0.105805 -0.008133  0.000288 -0.000214  37
2019 02 05 58519  0.044853  0.312713 -0.0633269  0.0006949 -0.105558 -0.008032  0.000330 -0.000247  37
2019 02 06 58520  0.043922  0.313822 -0.0640860  0.0008256 -0.105530 -0.007907  0.000359 -0.000258  37
2019 02 07 58521  0.043057  0.314952 -0.0649760  0.0009516 -0.105738 -0.007889  0.000337 -0.000245  37
2019 02 08 58522  0.042321  0.316308 -0.0659810  0.0010489 -0.106032 -0.007979  0.000277 -0.000216  37
2019 02 09 58523  0.041809  0.318185 -0.0670682  0.0011196 -0.106127 -0.008082  0.000255 -0.000179  37
2019 02 10 58524  0.041170  0.320281 -0.0682150  0.0011712 -0.106056 -0.008155  0.000268 -0.000143  37
2019 02 11 58525  0.040113  0.322015 -0.0694036  0.0012046 -0.105991 -0.008248  0.000293 -0.000114  37
2019 02 12 58526  0.038839  0.323177 -0.0706126  0.0012131 -0.105970 -0.008376  0.000320 -0.000100  37
2019 02 13 58527  0.037680  0.323804 -0.0718099  0.0011725 -0.105933 -0.008449  0.000324 -0.000130  37
2019 02 14 58528  0.036430  0.324143 -0.0729422  0.0010837 -0.105877 -0.008336  0.000317 -0.000180  37
2019 02 15 58529  0.035337  0.324577 -0.0739772  0.0009854 -0.106112 -0.008168  0.000306 -0.000234  37
2019 02 16 58530  0.035035  0.325565 -0.0749338  0.0009437 -0.106794 -0.008245  0.000297 -0.000272  37
2019 02 17 58531  0.035499  0.327025 -0.0758922  0.0009940 -0.107490 -0.008671  0.000289 -0.000295  37
2019 02 18 58532  0.036345  0.328794 -0.0769417  0.0011124 -0.107524 -0.009150  0.000280 -0.000304  37
2019 02 19 58533  0.037109  0.330694 -0.0781301  0.0012604 -0.106774 -0.009325  0.000271 -0.000298  37
2019 02 20 58534  0.037454  0.332507 -0.0794688  0.0014136 -0.105803 -0.009193  0.000260 -0.000274  37
2019 02 21 58535  0.037350  0.334188 -0.0809435  0.0015260 -0.105236 -0.008976  0.000246 -0.000218  37
2019 02 22 58536  0.036764  0.335917 -0.0824890  0.0015499 -0.105236 -0.008798  0.000234 -0.000158  37
2019 02 23 58537  0.035823  0.337409 -0.0840040  0.0014628 -0.105567 -0.008613  0.000237 -0.000131  37
2019 02 24 58538  0.035315  0.338427 -0.0853827  0.0012807 -0.105906 -0.008436  0.000253 -0.000131  37
2019 02 25 58539  0.035459  0.339255 -0.0865511  0.0010514 -0.106040 -0.008438  0.000273 -0.000145  37
2019 02 26 58540  0.035821  0.340240 -0.0874877  0.0008242 -0.106017 -0.008710  0.000293 -0.000165  37
2019 02 27 58541  0.036396  0.341349 -0.0882148  0.0006390 -0.106087 -0.009088  0.000299 -0.000171  37
2019 02 28 58542  0.037384  0.342539 -0.0887869  0.0005186 -0.106294 -0.009364  0.000301 -0.000173  37
2019 03 01 58543  0.038628  0.344092 -0.0892713  0.0004613 -0.106391 -0.009471  0.000301 -0.000177  37
2019 03 02 58544  0.040123  0.345746 -0.0897262  0.0004581 -0.106119 -0.009490  0.000307 -0.000184  37
2019 03 03 58545  0.041708  0.347329 -0.0901995  0.0004906 -0.105562 -0.009476  0.000314 -0.000193  37
2019 03 04 58546  0.043019  0.349000 -0.0907228  0.0005626 -0.105049 -0.009389  0.000318 -0.000203  37
2019 03 05 58547  0.043942  0.350851 -0.0913362  0.0006712 -0.104811 -0.009200  0.000315 -0.000214  37
2019 03 06 58548  0.044708  0.352571 -0.0920666  0.0007898 -0.104868 -0.008996  0.000291 -0.000222  37
2019 03 07 58549  0.045457  0.354234 -0.0929094  0.0008882 -0.105054 -0.008918  0.000260 -0.000229  37
2019 03 08 58550  0.045713  0.355768 -0.0938357  0.0009535 -0.105248 -0.009012  0.000231 -0.000236  37
2019 03 09 58551  0.045476  0.356845 -0.0948155  0.0010045 -0.105361 -0.009201  0.000222 -0.000244  37
2019 03 10 58552  0.045329  0.357813 -0.0958424  0.0010577 -0.105387 -0.009392  0.000226 -0.000251  37
2019 03 11 58553  0.045458  0.359097 -0.0969095  0.0010717 -0.105364 -0.009563  0.000235 -0.000255  37
2019 03 12 58554  0.045383  0.360546 -0.0979573  0.0010057 -0.105329 -0.009725  0.000246 -0.000254  37
2019 03 13 58555  0.044993  0.361832 -0.0989084  0.0008846 -0.105282 -0.009830  0.000254 -0.000239  37
2019 03 14 58556  0.044706  0.363075 -0.0997367  0.0007768 -0.105205 -0.009830  0.000259 -0.000220  37
2019 03 15 58557  0.044731  0.364276 -0.1004885  0.0007492 -0.105200 -0.009779  0.000259 -0.000203  37
2019 03 16 58558  0.044923  0.365562 -0.1012590  0.0008124 -0.105392 -0.009855  0.000247 -0.000201  37
2019 03 17 58559  0.045158  0.366698 -0.1021315  0.0009439 -0.105639 -0.010128  0.000228 -0.000209  37
2019 03 18 58560  0.045567  0.367659 -0.1031587  0.0011084 -0.105615 -0.010436  0.000206 -0.000221  37
2019 03 19 58561  0.045825  0.368699 -0.1043579  0.0012725 -0.105217 -0.010557  0.000182 -0.000233  37
2019 03 20 58562  0.045648  0.369654 -0.1057263  0.0014832 -0.104639 -0.010451  0.000194 -0.000200  37
2019 03 21 58563  0.045395  0.370611 -0.1072999  0.0016573 -0.104296 -0.010326  0.000221 -0.000148  37
2019 03 22 58564  0.045204  0.371777 -0.1089867  0.0016819 -0.104329 -0.010270  0.000248 -0.000095  37
2019 03 23 58565  0.045173  0.373072 -0.1106247  0.0015804 -0.104596 -0.010184  0.000266 -0.000049  37
2019 03 24 58566  0.045435  0.374437 -0.1121142  0.0013787 -0.104871 -0.010030  0.000271 -0.000019  37
2019 03 25 58567  0.045840  0.375818 -0.1133806  0.0011625 -0.105010 -0.009973  0.000254 -0.000012  37
2019 03 26 58568  0.045980  0.377213 -0.1144420  0.0009598 -0.105078 -0.010176  0.000210 -0.000035  37
2019 03 27 58569  0.045974  0.378337 -0.1153212  0.0008117 -0.105317 -0.010586  0.000123 -0.000103  37
2019 03 28 58570  0.046221  0.379237 -0.1160880  0.0007359 -0.105532 -0.010907  0.000103 -0.000148  37
2019 03 29 58571  0.046555  0.380207 -0.1168115  0.0007214 -0.105511 -0.010996  0.000146 -0.000164  37
2019 03 30 58572  0.047165  0.381262 -0.1175449  0.0007512 -0.105192 -0.010927  0.000167 -0.000185  37
2019 03 31 58573  0.048018  0.382631 -0.1183266  0.0008154 -0.104613 -0.010811  0.000164 -0.000208  37
2019 04 01 58574  0.048872  0.384039 -0.1191889  0.0009142 -0.104070 -0.010677  0.000155 -0.000226  37
2019 04 02 58575  0.049799  0.385278 -0.1201640  0.0010426 -0.103835 -0.010496  0.000145 -0.000237  37
2019 04 03 58576  0.050579  0.386528 -0.1212701  0.0011680 -0.103871 -0.010269  0.000148 -0.000227  37
2019 04 04 58577  0.051084  0.387856 -0.1224859  0.0012525 -0.104020 -0.010102  0.000154 -0.000210  37
2019 04 05 58578  0.051373  0.389026 -0.1237606  0.0012810 -0.104169 -0.010099  0.000160 -0.000191  37
2019 04 06 58579  0.051658  0.390120 -0.1250435  0.0012820 -0.104306 -0.010279  0.000155 -0.000186  37
2019 04 07 58580  0.051831  0.391315 -0.1263186  0.0012749 -0.104394 -0.010546  0.000146 -0.000189  37
2019 04 08 58581  0.051906  0.392345 -0.1275714  0.0012259 -0.104411 -0.010787  0.000138 -0.000190  37
2019 04 09 58582  0.052150  0.393310 -0.1287452  0.0011084 -0.104415 -0.010942  0.000134 -0.000188  37
2019 04 10 58583  0.052566  0.394264 -0.1297777  0.0009476 -0.104462 -0.010997  0.000148 -0.000163  37
2019 04 11 58584  0.053168  0.395111 -0.1306531  0.0008085 -0.104543 -0.011014  0.000168 -0.000132  37
2019 04 12 58585  0.053882  0.396146 -0.1314237  0.0007522 -0.104509 -0.011056  0.000187 -0.000108  37
2019 04 13 58586  0.054658  0.397272 -0.1321870  0.0007913 -0.104248 -0.011171  0.000198 -0.000119  37
2019 04 14 58587  0.055072  0.398221 -0.1330339  0.0009155 -0.103809 -0.011298  0.000200 -0.000152  37
2019 04 15 58588  0.055282  0.399049 -0.1340377  0.0010979 -0.103385 -0.011327  0.000188 -0.000186  37
2019 04 16 58589  0.055869  0.399928 -0.1352352  0.0012990 -0.103191 -0.011224  0.000161 -0.000213  37
2019 04 17 58590  0.056767  0.400586 -0.1366135  0.0014414 -0.103379 -0.011078  0.000105 -0.000214  37
2019 04 18 58591  0.057820  0.401101 -0.1380796  0.0014636 -0.103850 -0.011057  0.000041 -0.000201  37
2019 04 19 58592  0.058623  0.401945 -0.1395068  0.0013721 -0.104322 -0.011173  0.000010 -0.000186  37
2019 04 20 58593  0.059278  0.402815 -0.1407995  0.0012093 -0.104620 -0.011271  0.000009 -0.000169  37
2019 04 21 58594  0.060290  0.403678 -0.1419058  0.0009963 -0.104699 -0.011236  0.000024 -0.000153  37
2019 04 22 58595  0.061353  0.404851 -0.1427918  0.0007776 -0.104607 -0.011147  0.000046 -0.000138  37
2019 04 23 58596  0.062187  0.406206 -0.1434776  0.0006047 -0.104478 -0.011168  0.000068 -0.000125  37
2019 04 24 58597  0.062855  0.407394 -0.1440252  0.0005045 -0.104464 -0.011336  0.000082 -0.000116  37
2019 04 25 58598  0.063547  0.408191 -0.1445106  0.0004809 -0.104637 -0.011523  0.000066 -0.000117  37
2019 04 26 58599  0.064545  0.408751 -0.1450050  0.0005214 -0.104745 -0.011587  0.000049 -0.000120  37
2019 04 27 58600  0.065784  0.409176 -0.1455586  0.0005881 -0.104508 -0.011519  0.000062 -0.000121  37
2019 04 28 58601  0.067166  0.409515 -0.1461808  0.0006447 -0.103962 -0.011416  0.000098 -0.000121  37
2019 04 29 58602  0.068637  0.410012 -0.1468631  0.0007205 -0.103420 -0.011339  0.000138 -0.000123  37
2019 04 30 58603  0.070288  0.410648 -0.1476419  0.0008577 -0.103181 -0.011258  0.000170 -0.000130  37
2019 05 01 58604  0.072225  0.411346 -0.1485692  0.0009989 -0.103376 -0.011133  0.000160 -0.000150  37
2019 05 02 58605  0.074216  0.412096 -0.1496085  0.0010590 -0.103778 -0.010982  0.000131 -0.000176  37
2019 05 03 58606  0.075767  0.412799 -0.1506582  0.0010082 -0.104170 -0.010911  0.000095 -0.000200  37
2019 05 04 58607  0.076786  0.413337 -0.1516257  0.0009246 -0.104410 -0.011004  0.000071 -0.000215  37
2019 05 05 58608  0.077596  0.413913 -0.1525120  0.0008622 -0.104486 -0.011250  0.000056 -0.000221  37
2019 05 06 58609  0.078260  0.414750 -0.1533370  0.0007872 -0.104460 -0.011526  0.000046 -0.000219  37
2019 05 07 58610  0.079053  0.415589 -0.1540754  0.0006852 -0.104456 -0.011699  0.000041 -0.000212  37
2019 05 08 58611  0.080212  0.416220 -0.1547121  0.0005944 -0.104587 -0.011723  0.000043 -0.000197  37
2019 05 09 58612  0.081707  0.416754 -0.1552781  0.0005462 -0.104805 -0.011661  0.000054 -0.000172  37
2019 05 10 58613  0.083197  0.417371 -0.1558261  0.0005617 -0.104898 -0.011623  0.000067 -0.000147  37
2019 05 11 58614  0.084322  0.418013 -0.1564224  0.0006383 -0.104651 -0.011648  0.000077 -0.000136  37
2019 05 12 58615  0.085119  0.418539 -0.1571216  0.0007610 -0.104077 -0.011661  0.000084 -0.000138  37
2019 05 13 58616  0.085871  0.418815 -0.1579638  0.0009272 -0.103476 -0.011564  0.000086 -0.000144  37
2019 05 14 58617  0.086682  0.419102 -0.1589842  0.0011214 -0.103232 -0.011364  0.000083 -0.000151  37
2019 05 15 58618  0.087699  0.419674 -0.1601837  0.0012708 -0.103537 -0.011171  0.000068 -0.000142  37
2019 05 16 58619  0.089062  0.420401 -0.1614780  0.0012934 -0.104214 -0.011123  0.000047 -0.000131  37
2019 05 17 58620  0.090628  0.421115 -0.1627213  0.0011626 -0.104903 -0.011221  0.000028 -0.000122  37
2019 05 18 58621  0.092134  0.421921 -0.1637771  0.0009339 -0.105291 -0.011355  0.000019 -0.000135  37
2019 05 19 58622  0.093357  0.422802 -0.1645883  0.0006932 -0.105330 -0.011404  0.000018 -0.000160  37
2019 05 20 58623  0.094347  0.423677 -0.1651751  0.0004927 -0.105184 -0.011374  0.000021 -0.000184  37
2019 05 21 58624  0.095240  0.424329 -0.1655888  0.0003455 -0.105063 -0.011365  0.000026 -0.000201  37
2019 05 22 58625  0.096316  0.424671 -0.1658831  0.0002521 -0.105076 -0.011414  0.000030 -0.000189  37
2019 05 23 58626  0.097659  0.425061 -0.1661112  0.0002120 -0.105181 -0.011491  0.000035 -0.000166  37
2019 05 24 58627  0.099146  0.425632 -0.1663252  0.0002236 -0.105259 -0.011528  0.000041 -0.000142  37
2019 05 25 58628  0.100695  0.426328 -0.1665741  0.0002826 -0.105196 -0.011541  0.000055 -0.000144  37
2019 05 26 58629  0.102003  0.427124 -0.1668974  0.0003692 -0.104999 -0.011566  0.000072 -0.000162  37
2019 05 27 58630  0.102862  0.427948 -0.1673073  0.0004426 -0.104788 -0.011613  0.000086 -0.000183  37
2019 05 28 58631  0.103532  0.428605 -0.1677795  0.0004927 -0.104749 -0.011628  0.000094 -0.000203  37
2019 05 29 58632  0.104304  0.429069 -0.1682963  0.0005420 -0.105018 -0.011538  0.000091 -0.000214  37
2019 05 30 58633  0.105363  0.429344 -0.1688619  0.0005916 -0.105593 -0.011325  0.000063 -0.000204  37
2019 05 31 58634  0.107027  0.429312 -0.1694657  0.0006115 -0.106202 -0.011093  0.000034 -0.000187  37
2019 06 01 58635  0.109325  0.429302 -0.1700624  0.0005711 -0.106526 -0.010981  0.000038 -0.000177  37
2019 06 02 58636  0.111817  0.429645 -0.1705854  0.0004609 -0.106520 -0.011056  0.000067 -0.000171  37
2019 06 03 58637  0.114407  0.430210 -0.1709760  0.0003165 -0.106372 -0.011267  0.000100 -0.000166  37
2019 06 04 58638  0.117054  0.430791 -0.1712269  0.0001979 -0.106303 -0.011479  0.000124 -0.000159  37
2019 06 05 58639  0.119306  0.431248 -0.1713843  0.0001278 -0.106484 -0.011553  0.000096 -0.000138  37
2019 06 06 58640  0.121084  0.431252 -0.1715013  0.0001231 -0.106753 -0.011470  0.000047 -0.000113  37
2019 06 07 58641  0.122792  0.430881 -0.1716390  0.0001374 -0.106946 -0.011320 -0.000006 -0.000092  37
2019 06 08 58642  0.124508  0.430565 -0.1718143  0.0002342 -0.106933 -0.011231 -0.000038 -0.000088  37
2019 06 09 58643  0.126291  0.430145 -0.1721229  0.0003822 -0.106736 -0.011226 -0.000053 -0.000097  37
2019 06 10 58644  0.128370  0.429863 -0.1725895  0.0005742 -0.106473 -0.011233 -0.000057 -0.000112  37
2019 06 11 58645  0.130464  0.429724 -0.1732262  0.0006563 -0.106328 -0.011193 -0.000053 -0.000131  37
2019 06 12 58646  0.132401  0.429528 -0.1738840  0.0006525 -0.106478 -0.011122 -0.000040 -0.000151  37
2019 06 13 58647  0.134484  0.429372 -0.1745050  0.0005823 -0.106938 -0.011080 -0.000016 -0.000173  37
2019 06 14 58648  0.136742  0.429184 -0.1750172  0.0004247 -0.107533 -0.011077  0.000011 -0.000186  37
2019 06 15 58649  0.138733  0.428964 -0.1753416  0.0002153 -0.107988 -0.011068  0.000029 -0.000169  37
2019 06 16 58650  0.140281  0.428623 -0.1754594  0.0000369 -0.108125 -0.011036  0.000040 -0.000127  37
2019 06 17 58651  0.141786  0.428086 -0.1754225 -0.0001017 -0.108016 -0.011007  0.000045 -0.000074  37
2019 06 18 58652  0.143320  0.427494 -0.1752631 -0.0002127 -0.107878 -0.011008  0.000046 -0.000017  37
2019 06 19 58653  0.144636  0.426820 -0.1750068 -0.0002738 -0.107849 -0.011064  0.000048 -0.000001  37
2019 06 20 58654  0.145893  0.426253 -0.1747455 -0.0002323 -0.107940 -0.011111  0.000048 -0.000007  37
2019 06 21 58655  0.147207  0.426028 -0.1745715 -0.0001312 -0.108113 -0.011128  0.000046 -0.000025  37
2019 06 22 58656  0.148453  0.425883 -0.1744786 -0.0000822 -0.108336 -0.011155  0.000042 -0.000051  37
2019 06 23 58657  0.149277  0.425697 -0.1743728 -0.0000723 -0.108545 -0.011231  0.000037 -0.000084  37
2019 06 24 58658  0.149756  0.425245 -0.1743694  0.0000305 -0.108664 -0.011328  0.000031 -0.000122  37
2019 06 25 58659  0.150506  0.424491 -0.1744124  0.0000718 -0.108741 -0.011372  0.000024 -0.000162  37
2019 06 26 58660  0.151639  0.423517 -0.1745159  0.0000934 -0.109005 -0.011313  0.000012 -0.000203  37
2019 06 27 58661  0.153200  0.422577 -0.1745569  0.0000066 -0.109610 -0.011169 -0.000001 -0.000242  37
2019 06 28 58662  0.154991  0.422071 -0.1745244 -0.0000337 -0.110397 -0.011002 -0.000013 -0.000276  37
2019 06 29 58663  0.156563  0.421753 -0.1745248 -0.0000194 -0.110986 -0.010874 -0.000024 -0.000304  37
2019 06 30 58664  0.157762  0.421343 -0.1744519 -0.0001483 -0.111180 -0.010848 -0.000033 -0.000323  37
2019 07 01 58665  0.158520  0.420609 -0.1741965 -0.0003309 -0.111150 -0.010971 -0.000039 -0.000330  37
2019 07 02 58666  0.158989  0.419514 -0.1738164 -0.0004455 -0.111152 -0.011209 -0.000042 -0.000324  37
2019 07 03 58667  0.159382  0.418282 -0.1733123 -0.0005410 -0.111183 -0.011394 -0.000034 -0.000285  37
2019 07 04 58668  0.159900  0.417150 -0.1727637 -0.0005287 -0.111117 -0.011387 -0.000024 -0.000237  37
2019 07 05 58669  0.160966  0.416160 -0.1722934 -0.0003927 -0.110954 -0.011198 -0.000017 -0.000192  37
2019 07 06 58670  0.162847  0.415391 -0.1720058 -0.0001875 -0.110880 -0.011008 -0.000019 -0.000166  37
2019 07 07 58671  0.165090  0.415006 -0.1719132 -0.0000145 -0.111007 -0.010954 -0.000028 -0.000153  37
2019 07 08 58672  0.167094  0.414727 -0.1719458  0.0000703 -0.111249 -0.011014 -0.000040 -0.000145  37
2019 07 09 58673  0.168883  0.414165 -0.1720233  0.0000758 -0.111457 -0.011084 -0.000056 -0.000139  37
2019 07 10 58674  0.170661  0.413347 -0.1720738  0.0000103 -0.111616 -0.011099 -0.000076 -0.000123  37
2019 07 11 58675  0.172168  0.412356 -0.1720228 -0.0001284 -0.111850 -0.011077 -0.000095 -0.000106  37
2019 07 12 58676  0.173312  0.411189 -0.1717985 -0.0003298 -0.112255 -0.011039 -0.000112 -0.000092  37
2019 07 13 58677  0.174556  0.409903 -0.1713531 -0.0005599 -0.112729 -0.011010 -0.000124 -0.000094  37
2019 07 14 58678  0.176101  0.408604 -0.1706819 -0.0007715 -0.113050 -0.011023 -0.000128 -0.000105  37
2019 07 15 58679  0.177789  0.407392 -0.1698277 -0.0009197 -0.113091 -0.011118 -0.000123 -0.000117  37
2019 07 16 58680  0.179355  0.406496 -0.1688708 -0.0009753 -0.112929 -0.011276 -0.000107 -0.000124  37
2019 07 17 58681  0.180604  0.405951 -0.1679096 -0.0009336 -0.112690 -0.011368 -0.000063 -0.000105  37
2019 07 18 58682  0.181681  0.405283 -0.1670314 -0.0008192 -0.112545 -0.011315 -0.000013 -0.000079  37
2019 07 19 58683  0.182543  0.404493 -0.1662854 -0.0006787 -0.112583 -0.011153  0.000030 -0.000062  37
2019 07 20 58684  0.183124  0.403563 -0.1656715 -0.0005623 -0.112929 -0.011074  0.000012 -0.000112  37
2019 07 21 58685  0.183784  0.402431 -0.1651415 -0.0005015 -0.113381 -0.011129 -0.000036 -0.000188  37
2019 07 22 58686  0.184669  0.401322 -0.1646504 -0.0004645 -0.113657 -0.011229 -0.000075 -0.000245  37
2019 07 23 58687  0.185995  0.400325 -0.1642163 -0.0003945 -0.113666 -0.011237 -0.000085 -0.000257  37
2019 07 24 58688  0.187771  0.399384 -0.1638707 -0.0003244 -0.113596 -0.011083 -0.000038 -0.000187  37
2019 07 25 58689  0.189686  0.398191 -0.1635440 -0.0003323 -0.114009 -0.010946 -0.000027 -0.000140  37
2019 07 26 58690  0.191851  0.396775 -0.1631910 -0.0003655 -0.114871 -0.010901 -0.000058 -0.000131  37
2019 07 27 58691  0.194272  0.395612 -0.1628151 -0.0004001 -0.115585 -0.010885 -0.000073 -0.000122  37
2019 07 28 58692  0.196626  0.394981 -0.1623822 -0.0004770 -0.115804 -0.010855 -0.000070 -0.000109  37
2019 07 29 58693  0.198668  0.394628 -0.1618536 -0.0005725 -0.115696 -0.010881 -0.000063 -0.000098  37
2019 07 30 58694  0.200594  0.394091 -0.1612514 -0.0006140 -0.115583 -0.011049 -0.000055 -0.000088  37
2019 07 31 58695  0.202698  0.393262 -0.1606593 -0.0005566 -0.115521 -0.011286 -0.000053 -0.000081  37
2019 08 01 58696  0.204709  0.392259 -0.1601697 -0.0004103 -0.115340 -0.011371 -0.000056 -0.000074  37
2019 08 02 58697  0.206345  0.391186 -0.1598586 -0.0002038 -0.115074 -0.011223 -0.000061 -0.000067  37
2019 08 03 58698  0.207884  0.390184 -0.1597645  0.0000179 -0.115013 -0.011008 -0.000077 -0.000056  37
2019 08 04 58699  0.209380  0.389357 -0.1598818  0.0002064 -0.115308 -0.010928 -0.000097 -0.000043  37
2019 08 05 58700  0.210617  0.388757 -0.1601501  0.0003075 -0.115817 -0.010968 -0.000112 -0.000031  37
2019 08 06 58701  0.211641  0.388342 -0.1604594  0.0002853 -0.116254 -0.011004 -0.000120 -0.000020  37
2019 08 07 58702  0.212404  0.387942 -0.1606829  0.0001430 -0.116368 -0.011020 -0.000098 -0.000017  37
2019 08 08 58703  0.212846  0.387340 -0.1607185 -0.0000786 -0.116231 -0.011086 -0.000065 -0.000016  37
2019 08 09 58704  0.213280  0.386415 -0.1605164 -0.0003203 -0.116092 -0.011206 -0.000032 -0.000014  37
2019 08 10 58705  0.213712  0.385252 -0.1600866 -0.0005279 -0.116164 -0.011291 -0.000006  0.000001  37
2019 08 11 58706  0.214103  0.383753 -0.1594810 -0.0006704 -0.116400 -0.011312  0.000007  0.000020  37
2019 08 12 58707  0.214580  0.382141 -0.1587710 -0.0007362 -0.116577 -0.011339  0.000003  0.000036  37
2019 08 13 58708  0.215068  0.380548 -0.1580343 -0.0007259 -0.116577 -0.011419 -0.000022  0.000042  37
2019 08 14 58709  0.215675  0.379001 -0.1573413 -0.0006487 -0.116509 -0.011477 -0.000080  0.000035  37
2019 08 15 58710  0.216306  0.377745 -0.1567564 -0.0005297 -0.116357 -0.011386 -0.000089  0.000014  37
2019 08 16 58711  0.216680  0.376675 -0.1562792 -0.0004367 -0.116241 -0.011143 -0.000048 -0.000016  37
2019 08 17 58712  0.216856  0.375596 -0.1558654 -0.0003834 -0.116286 -0.010915 -0.000006 -0.000053  37
2019 08 18 58713  0.217001  0.374417 -0.1555065 -0.0003252 -0.116388 -0.010845  0.000027 -0.000091  37
2019 08 19 58714  0.217040  0.373172 -0.1552172 -0.0002530 -0.116371 -0.010898  0.000050 -0.000116  37
2019 08 20 58715  0.217140  0.371848 -0.1549994 -0.0001906 -0.116199 -0.010925  0.000055 -0.000119  37
2019 08 21 58716  0.217284  0.370341 -0.1548268 -0.0001582 -0.116175 -0.010824  0.000010 -0.000053  37
2019 08 22 58717  0.217336  0.368769 -0.1546758 -0.0001481 -0.116551 -0.010728 -0.000054  0.000036  37
2019 08 23 58718  0.217248  0.367241 -0.1545247 -0.0001619 -0.117321 -0.010756 -0.000116  0.000119  37
2019 08 24 58719  0.216988  0.365532 -0.1543445 -0.0002135 -0.118000 -0.010906 -0.000138  0.000131  37
2019 08 25 58720  0.216729  0.363610 -0.1540844 -0.0003101 -0.118211 -0.011018 -0.000132  0.000099  37
2019 08 26 58721  0.216538  0.361660 -0.1537226 -0.0003977 -0.118013 -0.011053 -0.000116  0.000052  37
2019 08 27 58722  0.216442  0.359805 -0.1533131 -0.0003963 -0.117723 -0.011112 -0.000096  0.000004  37
2019 08 28 58723  0.216299  0.357981 -0.1529726 -0.0002707 -0.117501 -0.011182 -0.000087 -0.000009  37
2019 08 29 58724  0.215984  0.356164 -0.1528045 -0.0000593 -0.117251 -0.011127 -0.000082 -0.000006  37
2019 08 30 58725  0.215374  0.354366 -0.1528645  0.0001811 -0.117013 -0.010881 -0.000081  0.000004  37
2019 08 31 58726  0.214700  0.352598 -0.1531557  0.0003994 -0.116996 -0.010631 -0.000088  0.000019  37
2019 09 01 58727  0.214387  0.351043 -0.1536391  0.0005539 -0.117266 -0.010580 -0.000100  0.000037  37
2019 09 02 58728  0.214226  0.349749 -0.1542298  0.0006044 -0.117689 -0.010655 -0.000114  0.000056  37
2019 09 03 58729  0.213886  0.348357 -0.1548107  0.0005335 -0.118090 -0.010650 -0.000126  0.000072  37
2019 09 04 58730  0.213558  0.346742 -0.1552660  0.0003611 -0.118318 -0.010575 -0.000137  0.000078  37
2019 09 05 58731  0.213389  0.345086 -0.1555157  0.0001358 -0.118264 -0.010630 -0.000141  0.000080  37
2019 09 06 58732  0.213399  0.343312 -0.1555383 -0.0000820 -0.118009 -0.010892 -0.000136  0.000079  37
2019 09 07 58733  0.213646  0.341593 -0.1553674 -0.0002467 -0.117757 -0.011185 -0.000094  0.000075  37
2019 09 08 58734  0.213789  0.340186 -0.1550681 -0.0003424 -0.117699 -0.011309 -0.000034  0.000069  37
2019 09 09 58735  0.213604  0.338874 -0.1547030 -0.0003831 -0.117717 -0.011260  0.000023  0.000064  37
2019 09 10 58736  0.212941  0.337584 -0.1543144 -0.0003898 -0.117583 -0.011166  0.000064  0.000061  37
2019 09 11 58737  0.211714  0.336203 -0.1539304 -0.0003639 -0.117386 -0.011073  0.000042  0.000066  37
2019 09 12 58738  0.210397  0.334435 -0.1536007 -0.0002834 -0.117210 -0.010910 -0.000005  0.000075  37
2019 09 13 58739  0.209441  0.332515 -0.1533787 -0.0001573 -0.117150 -0.010629 -0.000054  0.000086  37
2019 09 14 58740  0.208872  0.330791 -0.1532925 -0.0000311 -0.117109 -0.010328 -0.000066  0.000099  37
2019 09 15 58741  0.208469  0.329523 -0.1532993  0.0000299 -0.117026 -0.010159 -0.000055  0.000111  37
2019 09 16 58742  0.207949  0.328320 -0.1533255  0.0000219 -0.116862 -0.010152 -0.000036  0.000123  37
2019 09 17 58743  0.207430  0.326876 -0.1533274 -0.0000182 -0.116624 -0.010198 -0.000016  0.000132  37
2019 09 18 58744  0.206896  0.325455 -0.1532820 -0.0000805 -0.116463 -0.010216 -0.000013  0.000134  37
2019 09 19 58745  0.206058  0.324156 -0.1531575 -0.0001772 -0.116524 -0.010243 -0.000014  0.000134  37
2019 09 20 58746  0.204930  0.322979 -0.1529184 -0.0003020 -0.116860 -0.010357 -0.000013  0.000137  37
2019 09 21 58747  0.203842  0.321672 -0.1525531 -0.0004181 -0.117209 -0.010486  0.000016  0.000185  37
2019 09 22 58748  0.203027  0.320383 -0.1520989 -0.0004789 -0.117300 -0.010539  0.000056  0.000243  37
2019 09 23 58749  0.202346  0.319377 -0.1516227 -0.0004624 -0.117073 -0.010481  0.000082  0.000269  37
2019 09 24 58750  0.201744  0.318497 -0.1512054 -0.0003571 -0.116717 -0.010383  0.000081  0.000239  37
2019 09 25 58751  0.201102  0.317721 -0.1509411 -0.0001515 -0.116471 -0.010325  0.000033  0.000114  37
2019 09 26 58752  0.200254  0.317054 -0.1509325  0.0001389 -0.116171 -0.010094  0.000038  0.000058  37
2019 09 27 58753  0.199569  0.316268 -0.1512240  0.0004333 -0.115912 -0.009692  0.000093  0.000084  37
2019 09 28 58754  0.199193  0.315508 -0.1517724  0.0006482 -0.116057 -0.009423  0.000074  0.000102  37
2019 09 29 58755  0.198995  0.314606 -0.1524769  0.0007357 -0.116454 -0.009481  0.000003  0.000106  37
2019 09 30 58756  0.198880  0.313422 -0.1531921  0.0006580 -0.116784 -0.009721 -0.000066  0.000113  37
2019 10 01 58757  0.198436  0.312178 -0.1537370  0.0004121 -0.116930 -0.009830 -0.000100  0.000124  37
2019 10 02 58758  0.197611  0.311035 -0.1539829  0.0000973 -0.116847 -0.009733 -0.000059  0.000141  37
2019 10 03 58759  0.196581  0.309933 -0.1539483 -0.0001572 -0.116632 -0.009687 -0.000001  0.000157  37
2019 10 04 58760  0.195598  0.308730 -0.1536974 -0.0003410 -0.116285 -0.009893  0.000051  0.000168  37
2019 10 05 58761  0.194694  0.307521 -0.1532899 -0.0004524 -0.115940 -0.010209  0.000096  0.000176  37
2019 10 06 58762  0.193704  0.306163 -0.1528264 -0.0004645 -0.115790 -0.010348  0.000129  0.000181  37
2019 10 07 58763  0.192735  0.304887 -0.1523852 -0.0004229 -0.115794 -0.010215  0.000147  0.000185  37
2019 10 08 58764  0.191704  0.303510 -0.1519840 -0.0003688 -0.115741 -0.009962  0.000144  0.000187  37
2019 10 09 58765  0.190614  0.301978 -0.1516561 -0.0002739 -0.115562 -0.009766  0.000117  0.000188  37
2019 10 10 58766  0.189549  0.300706 -0.1514493 -0.0001377 -0.115466 -0.009635  0.000037  0.000192  37
2019 10 11 58767  0.188708  0.299747 -0.1513846  0.0000057 -0.115439 -0.009476 -0.000040  0.000193  37
2019 10 12 58768  0.187810  0.299372 -0.1514556  0.0001336 -0.115307 -0.009266 -0.000049  0.000180  37
2019 10 13 58769  0.186310  0.299160 -0.1516428  0.0002369 -0.115045 -0.009087 -0.000005  0.000159  37
2019 10 14 58770  0.184458  0.298513 -0.1519183  0.0003084 -0.114750 -0.009022  0.000057  0.000137  37
2019 10 15 58771  0.182822  0.297758 -0.1522475  0.0003415 -0.114516 -0.009063  0.000119  0.000120  37
2019 10 16 58772  0.181479  0.297174 -0.1525887  0.0003312 -0.114490 -0.009120  0.000118  0.000130  37
2019 10 17 58773  0.179987  0.296565 -0.1528982  0.0002800 -0.114547 -0.009167  0.000093  0.000149  37
2019 10 18 58774  0.178343  0.295596 -0.1531413  0.0002039 -0.114662 -0.009217  0.000064  0.000170  37
2019 10 19 58775  0.176814  0.294484 -0.1533067  0.0001290 -0.114799 -0.009289  0.000053  0.000173  37
2019 10 20 58776  0.175293  0.293430 -0.1534085  0.0000808 -0.114871 -0.009341  0.000054  0.000166  37
2019 10 21 58777  0.173780  0.292345 -0.1534849  0.0000850 -0.114733 -0.009314  0.000061  0.000160  37
2019 10 22 58778  0.172517  0.291278 -0.1536023  0.0001631 -0.114339 -0.009180  0.000072  0.000156  37
2019 10 23 58779  0.171419  0.290428 -0.1538338  0.0003182 -0.113827 -0.008904  0.000088  0.000173  37
2019 10 24 58780  0.170165  0.289860 -0.1542590  0.0005424 -0.113444 -0.008497  0.000104  0.000196  37
2019 10 25 58781  0.168910  0.289026 -0.1549241  0.0007820 -0.113384 -0.008061  0.000117  0.000216  37
2019 10 26 58782  0.167951  0.287779 -0.1558036  0.0009531 -0.113660 -0.007843  0.000114  0.000208  37
2019 10 27 58783  0.167403  0.286531 -0.1567859  0.0009806 -0.114014 -0.007991  0.000102  0.000186  37
2019 10 28 58784  0.167160  0.285455 -0.1577109  0.0008498 -0.114167 -0.008362  0.000085  0.000167  37
2019 10 29 58785  0.167046  0.284299 -0.1584486  0.0006167 -0.114083 -0.008617  0.000068  0.000159  37
2019 10 30 58786  0.167016  0.283099 -0.1589321  0.0003505 -0.113920 -0.008572  0.000053  0.000182  37
2019 10 31 58787  0.166702  0.282054 -0.1591586  0.0001151 -0.113764 -0.008420  0.000042  0.000217  37
2019 11 01 58788  0.166105  0.281104 -0.1591888 -0.0000179 -0.113541 -0.008423  0.000049  0.000238  37
2019 11 02 58789  0.165417  0.280226 -0.1591759 -0.0000165 -0.113259 -0.008575  0.000072  0.000246  37
2019 11 03 58790  0.164719  0.279396 -0.1591725  0.0000078 -0.113025 -0.008650  0.000101  0.000244  37
2019 11 04 58791  0.163968  0.278726 -0.1591943  0.0000496 -0.112875 -0.008510  0.000130  0.000233  37
2019 11 05 58792  0.163178  0.278229 -0.1592823  0.0001320 -0.112731 -0.008259  0.000155  0.000214  37
2019 11 06 58793  0.162426  0.277991 -0.1594645  0.0002435 -0.112575 -0.008100  0.000160  0.000180  37
2019 11 07 58794  0.161515  0.277787 -0.1597788  0.0003904 -0.112442 -0.008081  0.000156  0.000143  37
2019 11 08 58795  0.160488  0.277221 -0.1602509  0.0005485 -0.112384 -0.008076  0.000145  0.000111  37
2019 11 09 58796  0.159293  0.276559 -0.1608696  0.0006712 -0.112375 -0.007937  0.000125  0.000097  37
2019 11 10 58797  0.157961  0.275911 -0.1615693  0.0007128 -0.112366 -0.007672  0.000101  0.000098  37
2019 11 11 58798  0.156764  0.275281 -0.1622663  0.0006759 -0.112392 -0.007427  0.000076  0.000111  37
2019 11 12 58799  0.155641  0.275012 -0.1629016  0.0005941 -0.112501 -0.007332  0.000051  0.000134  37
2019 11 13 58800  0.154385  0.275002 -0.1634471  0.0004914 -0.112619 -0.007390  0.000032  0.000176  37
2019 11 14 58801  0.153230  0.274953 -0.1638808  0.0003689 -0.112608 -0.007512  0.000019  0.000223  37
2019 11 15 58802  0.152117  0.275017 -0.1641837  0.0002342 -0.112441 -0.007590  0.000011  0.000262  37
2019 11 16 58803  0.150226  0.275016 -0.1643541  0.0001147 -0.112228 -0.007611  0.000014  0.000260  37
2019 11 17 58804  0.147694  0.274454 -0.1644296  0.0000547 -0.112068 -0.007595  0.000026  0.000233  37
2019 11 18 58805  0.145343  0.273673 -0.1644925  0.0000930 -0.111889 -0.007573  0.000044  0.000199  37
2019 11 19 58806  0.143348  0.273053 -0.1646498  0.0002386 -0.111554 -0.007535  0.000069  0.000166  37
2019 11 20 58807  0.141573  0.272415 -0.1649968  0.0004581 -0.111056 -0.007398  0.000108  0.000163  37
2019 11 21 58808  0.139792  0.271718 -0.1655708  0.0006817 -0.110656 -0.007144  0.000148  0.000171  37
2019 11 22 58809  0.137930  0.271022 -0.1663413  0.0008448 -0.110619 -0.006856  0.000177  0.000181  37
2019 11 23 58810  0.135889  0.270511 -0.1672252  0.0009067 -0.111037 -0.006722  0.000166  0.000174  37
2019 11 24 58811  0.133762  0.270033 -0.1681153  0.0008556 -0.111623 -0.006850  0.000128  0.000161  37
2019 11 25 58812  0.131846  0.269498 -0.1689024  0.0006930 -0.112022 -0.007146  0.000080  0.000155  37
2019 11 26 58813  0.130224  0.269136 -0.1694695  0.0004408 -0.112096 -0.007368  0.000030  0.000162  37
2019 11 27 58814  0.128777  0.269105 -0.1697819  0.0002067 -0.111944 -0.007352 -0.000013  0.000192  37
2019 11 28 58815  0.127361  0.269336 -0.1699166  0.0000828 -0.111715 -0.007200 -0.000037  0.000213  37
2019 11 29 58816  0.126015  0.269583 -0.1699910  0.0000527 -0.111467 -0.007104 -0.000036  0.000211  37
2019 11 30 58817  0.124616  0.269915 -0.1700316  0.0000159 -0.111202 -0.007123 -0.000018  0.000194  37
2019 12 01 58818  0.123033  0.270399 -0.1700123 -0.0000045 -0.110929 -0.007154  0.000012  0.000167  37
2019 12 02 58819  0.121250  0.270911 -0.1700632  0.0000920 -0.110691 -0.007093  0.000051  0.000133  37
2019 12 03 58820  0.119002  0.271314 -0.1701974  0.0001715 -0.110524 -0.006975  0.000093  0.000098  37
2019 12 04 58821  0.116266  0.271389 -0.1703969  0.0002378 -0.110427 -0.006925  0.000134  0.000064  37
2019 12 05 58822  0.113519  0.271268 -0.1706741  0.0003161 -0.110379 -0.006981  0.000169  0.000036  37
2019 12 06 58823  0.111254  0.271123 -0.1710254  0.0003842 -0.110355 -0.007032  0.000194  0.000019  37
2019 12 07 58824  0.109456  0.271033 -0.1714356  0.0004284 -0.110533 -0.006860  0.000130  0.000075  37
2019 12 08 58825  0.107936  0.270942 -0.1718692  0.0004227 -0.110716 -0.006496  0.000062  0.000137  37
2019 12 09 58826  0.106787  0.270898 -0.1722580  0.0003430 -0.110832 -0.006119  0.000036  0.000170  37
2019 12 10 58827  0.105938  0.270965 -0.1725328  0.0002002 -0.110855 -0.005948  0.000068  0.000162  37
2019 12 11 58828  0.105299  0.271034 -0.1726447  0.0000315 -0.110648 -0.006101  0.000184  0.000094  37
2019 12 12 58829  0.105014  0.271279 -0.1726038 -0.0001032 -0.110502 -0.006399  0.000221  0.000064  37
2019 12 13 58830  0.104849  0.272026 -0.1724615 -0.0001764 -0.110386 -0.006633  0.000171  0.000082  37
2019 12 14 58831  0.104338  0.273139 -0.1722755 -0.0001915 -0.110023 -0.006686  0.000170  0.000113  37
2019 12 15 58832  0.103284  0.274086 -0.1720987 -0.0001525 -0.109546 -0.006567  0.000215  0.000146  37
2019 12 16 58833  0.101526  0.274708 -0.1719881 -0.0000508 -0.109129 -0.006403  0.000264  0.000174  37
2019 12 17 58834  0.099482  0.275044 -0.1720160  0.0001223 -0.108796 -0.006310  0.000300  0.000187  37
2019 12 18 58835  0.097541  0.275319 -0.1722465  0.0003448 -0.108575 -0.006301  0.000306  0.000176  37
2019 12 19 58836  0.096007  0.275666 -0.1727072  0.0005621 -0.108666 -0.006342  0.000227  0.000108  37
2019 12 20 58837  0.095157  0.276070 -0.1733478  0.0006968 -0.109006 -0.006362  0.000137  0.000028  37
2019 12 21 58838  0.094787  0.276468 -0.1740624  0.0007168 -0.109434 -0.006379  0.000112 -0.000025  37
2019 12 22 58839  0.094406  0.277241 -0.1747481  0.0006430 -0.109850 -0.006456  0.000141 -0.000050  37
2019 12 23 58840  0.093382  0.278286 -0.1753276  0.0005081 -0.110088 -0.006580  0.000190 -0.000053  37
2019 12 24 58841  0.091881  0.279034 -0.1757573  0.0003484 -0.110007 -0.006659  0.000240 -0.000035  37
2019 12 25 58842  0.090280  0.279557 -0.1760295  0.0001983 -0.109778 -0.006609  0.000230  0.000021  37
2019 12 26 58843  0.088593  0.280058 -0.1761670  0.0000848 -0.109489 -0.006490  0.000202  0.000088  37
2019 12 27 58844  0.086890  0.280675 -0.1762171  0.0000275 -0.109270 -0.006397  0.000177  0.000146  37
2019 12 28 58845  0.085057  0.281258 -0.1762420  0.0000362 -0.109075 -0.006419  0.000187  0.000137  37
2019 12 29 58846  0.082888  0.281622 -0.1763095  0.0001091 -0.108874 -0.006487  0.000220  0.000089  37
2019 12 30 58847  0.080413  0.281744 -0.1764758  0.0002259 -0.108686 -0.006533  0.000264  0.000033  37
2019 12 31 58848  0.078301  0.281916 -0.1767666  0.0003489 -0.108575 -0.006566  0.000311 -0.000015  37
2020 01 01 58849  0.076614  0.282309 -0.1771665  0.0004417 -0.108563 -0.006596  0.000358 -0.000007  37
2020 01 02 58850  0.074686  0.282694 -0.1776348  0.0004828 -0.108568 -0.006653  0.000397  0.000024  37
2020 01 03 58851  0.072778  0.283175 -0.1781202  0.0004792 -0.108506 -0.006665  0.000424  0.000061  37
2020 01 04 58852  0.071389  0.283975 -0.1785835  0.0004446 -0.108511 -0.006554  0.000398  0.000079  37
2020 01 05 58853  0.070094  0.284781 -0.1789956  0.0003738 -0.108656 -0.006298  0.000337  0.000083  37
2020 01 06 58854  0.068435  0.285208 -0.1793163  0.0002610 -0.108939 -0.005983  0.000266  0.000080  37
2020 01 07 58855  0.066618  0.285492 -0.1795048  0.0001109 -0.109276 -0.005772  0.000196  0.000070  37
2020 01 08 58856  0.064961  0.285942 -0.1795310 -0.0000634 -0.109568 -0.005797  0.000139  0.000056  37
2020 01 09 58857  0.063635  0.286580 -0.1793882 -0.0002189 -0.109711 -0.006078  0.000122  0.000035  37
2020 01 10 58858  0.062649  0.287490 -0.1791259 -0.0002904 -0.109695 -0.006468  0.000120  0.000015  37
2020 01 11 58859  0.061885  0.288634 -0.1788580 -0.0002135 -0.109432 -0.006728  0.000117  0.000006  37
2020 01 12 58860  0.061259  0.289818 -0.1787408  0.0000078 -0.108903 -0.006706  0.000114  0.000008  37
2020 01 13 58861  0.060905  0.290991 -0.1788886  0.0002965 -0.108305 -0.006468  0.000112  0.000021  37
2020 01 14 58862  0.060494  0.292337 -0.1793218  0.0005480 -0.107916 -0.006229  0.000114  0.000044  37
2020 01 15 58863  0.059585  0.293785 -0.1799757  0.0007451 -0.107905 -0.006075  0.000097  0.000140  37
2020 01 16 58864  0.058479  0.295305 -0.1808003  0.0008976 -0.108038 -0.006120  0.000116  0.000161  37
2020 01 17 58865  0.057428  0.296693 -0.1817503  0.0010056 -0.108058 -0.006363  0.000217 -0.000005  37
2020 01 18 58866  0.056521  0.297659 -0.1827667  0.0010112 -0.108202 -0.006535  0.000281 -0.000142  37
2020 01 19 58867  0.055617  0.298554 -0.1837291  0.0008759 -0.108566 -0.006564  0.000266 -0.000158  37
2020 01 20 58868  0.054645  0.299458 -0.1845267  0.0007373 -0.108968 -0.006524  0.000211 -0.000107  37
2020 01 21 58869  0.053857  0.300237 -0.1852055  0.0006447 -0.109195 -0.006443  0.000146 -0.000023  37
2020 01 22 58870  0.053293  0.301181 -0.1857878  0.0004888 -0.109101 -0.006366  0.000096  0.000063  37
2020 01 23 58871  0.052639  0.302475 -0.1861984  0.0003249 -0.108649 -0.006395  0.000125  0.000087  37
2020 01 24 58872  0.052072  0.303644 -0.1864848  0.0002773 -0.108201 -0.006498  0.000176  0.000093  37
2020 01 25 58873  0.051897  0.304825 -0.1867838  0.0003414 -0.107937 -0.006610  0.000229  0.000095  37
2020 01 26 58874  0.051439  0.306217 -0.1871793  0.0004562 -0.107826 -0.006666  0.000277  0.000092  37
2020 01 27 58875  0.050469  0.307421 -0.1876967  0.0005756 -0.107801 -0.006667  0.000314  0.000085  37
2020 01 28 58876  0.049385  0.308648 -0.1883275  0.0006878 -0.107862 -0.006688  0.000334  0.000075  37
2020 01 29 58877  0.048286  0.310136 -0.1890533  0.0007526 -0.108072 -0.006786  0.000303  0.000058  37
2020 01 30 58878  0.047042  0.311609 -0.1898096  0.0007430 -0.108242 -0.006918  0.000254  0.000040  37
2020 01 31 58879  0.045715  0.312959 -0.1905231  0.0006672 -0.108237 -0.006996  0.000208  0.000023  37
2020 02 01 58880  0.044485  0.314416 -0.1911444  0.0005758 -0.108040 -0.006966  0.000212  0.000022  37
2020 02 02 58881  0.043500  0.316016 -0.1916770  0.0004965 -0.107904 -0.006865  0.000246  0.000028  37
2020 02 03 58882  0.042767  0.317672 -0.1921321  0.0004184 -0.107939 -0.006739  0.000287  0.000037  37
2020 02 04 58883  0.042347  0.319402 -0.1925002  0.0003129 -0.108037 -0.006616  0.000325  0.000044  37
2020 02 05 58884  0.042062  0.321188 -0.1927514  0.0001860 -0.108202 -0.006568  0.000331  0.000043  37
2020 02 06 58885  0.041297  0.322754 -0.1928816  0.0000782 -0.108493 -0.006717  0.000321  0.000036  37
2020 02 07 58886  0.040054  0.323925 -0.1929372  0.0000446 -0.108849 -0.007117  0.000303  0.000025  37
2020 02 08 58887  0.038812  0.324784 -0.1930187  0.0001437 -0.108894 -0.007604  0.000285 -0.000013  37
2020 02 09 58888  0.038037  0.325320 -0.1932669  0.0003789 -0.108355 -0.007831  0.000265 -0.000055  37
2020 02 10 58889  0.037668  0.326077 -0.1937880  0.0006700 -0.107500 -0.007657  0.000239 -0.000082  37
2020 02 11 58890  0.037427  0.327310 -0.1945827  0.0008973 -0.106944 -0.007303  0.000206 -0.000078  37
2020 02 12 58891  0.037434  0.328670 -0.1955451  0.0010063 -0.107133 -0.007007  0.000122  0.000032  37
2020 02 13 58892  0.037349  0.330233 -0.1965430  0.0009466 -0.107618 -0.006964  0.000091  0.000112  37
2020 02 14 58893  0.036506  0.331895 -0.1974194  0.0008091 -0.107797 -0.007118  0.000196  0.000066  37
2020 02 15 58894  0.034930  0.333159 -0.1981346  0.0006079 -0.107813 -0.007255  0.000297 -0.000002  37
2020 02 16 58895  0.033118  0.334015 -0.1986342  0.0004012 -0.107845 -0.007343  0.000334 -0.000040  37
2020 02 17 58896  0.031619  0.334898 -0.1989405  0.0002173 -0.107926 -0.007419  0.000338 -0.000060  37
2020 02 18 58897  0.030745  0.336090 -0.1990821  0.0000677 -0.108022 -0.007466  0.000323 -0.000062  37
2020 02 19 58898  0.030273  0.337591 -0.1991085 -0.0000017 -0.107927 -0.007481  0.000329 -0.000041  37
2020 02 20 58899  0.029593  0.338953 -0.1991190  0.0000454 -0.107630 -0.007527  0.000338 -0.000009  37
2020 02 21 58900  0.028545  0.339947 -0.1992302  0.0002035 -0.107268 -0.007634  0.000340  0.000024  37
2020 02 22 58901  0.027548  0.340787 -0.1995265  0.0003932 -0.107054 -0.007741  0.000328  0.000038  37
2020 02 23 58902  0.027083  0.341608 -0.1999994  0.0005355 -0.107061 -0.007736  0.000307  0.000038  37
2020 02 24 58903  0.027133  0.342799 -0.2005875  0.0006260 -0.107214 -0.007622  0.000285  0.000032  37
2020 02 25 58904  0.027469  0.344622 -0.2012507  0.0006980 -0.107407 -0.007533  0.000266  0.000025  37
2020 02 26 58905  0.027987  0.346691 -0.2019781  0.0007542 -0.107517 -0.007570  0.000261  0.000022  37
2020 02 27 58906  0.028510  0.348875 -0.2027479  0.0007797 -0.107470 -0.007702  0.000265  0.000020  37
2020 02 28 58907  0.028695  0.351112 -0.2035241  0.0007645 -0.107247 -0.007822  0.000272  0.000019  37
2020 02 29 58908  0.028306  0.353227 -0.2042684  0.0007206 -0.106980 -0.007894  0.000285  0.000016  37
2020 03 01 58909  0.027688  0.355230 -0.2049609  0.0006660 -0.106883 -0.007984  0.000299  0.000013  37
2020 03 02 58910  0.027030  0.357124 -0.2055959  0.0006058 -0.106982 -0.008115  0.000314  0.000010  37
2020 03 03 58911  0.026416  0.358986 -0.2061684  0.0005378 -0.107072 -0.008202  0.000327  0.000008  37
2020 03 04 58912  0.026135  0.360590 -0.2066780  0.0004856 -0.107059 -0.008172  0.000335  0.000012  37
2020 03 05 58913  0.026372  0.362037 -0.2071599  0.0004914 -0.107150 -0.008168  0.000338  0.000014  37
2020 03 06 58914  0.026980  0.363826 -0.2076905  0.0005907 -0.107471 -0.008424  0.000335  0.000009  37
2020 03 07 58915  0.027694  0.365666 -0.2083661  0.0007714 -0.107690 -0.008952  0.000311 -0.000032  37
2020 03 08 58916  0.028101  0.367416 -0.2092521  0.0010011 -0.107306 -0.009367  0.000278 -0.000089  37
2020 03 09 58917  0.028100  0.369084 -0.2103761  0.0012384 -0.106445 -0.009343  0.000246 -0.000140  37
2020 03 10 58918  0.028256  0.370672 -0.2117225  0.0014548 -0.105814 -0.009008  0.000222 -0.000173  37
2020 03 11 58919  0.028691  0.372276 -0.2132382  0.0015512 -0.105822 -0.008710  0.000230 -0.000142  37
2020 03 12 58920  0.029316  0.373764 -0.2147661  0.0014725 -0.106289 -0.008644  0.000253 -0.000082  37
2020 03 13 58921  0.030441  0.375452 -0.2161395  0.0012505 -0.106715 -0.008677  0.000279 -0.000014  37
2020 03 14 58922  0.031873  0.377479 -0.2172553  0.0009809 -0.106838 -0.008690  0.000296  0.000044  37
2020 03 15 58923  0.033176  0.379370 -0.2181113  0.0007473 -0.106718 -0.008739  0.000306  0.000087  37
2020 03 16 58924  0.034153  0.380869 -0.2187640  0.0005741 -0.106587 -0.008880  0.000309  0.000113  37
2020 03 17 58925  0.034814  0.382088 -0.2192698  0.0004431 -0.106619 -0.009038  0.000304  0.000114  37
2020 03 18 58926  0.035537  0.383021 -0.2196620  0.0003407 -0.106783 -0.009151  0.000280  0.000057  37
2020 03 19 58927  0.036839  0.383993 -0.2199715  0.0002826 -0.106806 -0.009215  0.000251 -0.000024  37
2020 03 20 58928  0.038752  0.385028 -0.2202511  0.0002872 -0.106554 -0.009288  0.000227 -0.000105  37
2020 03 21 58929  0.040874  0.386043 -0.2205622  0.0003425 -0.106108 -0.009317  0.000241 -0.000149  37
2020 03 22 58930  0.042647  0.387217 -0.2209435  0.0004242 -0.105778 -0.009210  0.000274 -0.000164  37
2020 03 23 58931  0.043806  0.388519 -0.2214075  0.0005005 -0.105710 -0.008965  0.000307 -0.000160  37
2020 03 24 58932  0.044550  0.389946 -0.2219358  0.0005489 -0.105811 -0.008729  0.000329 -0.000138  37
2020 03 25 58933  0.044867  0.391448 -0.2224951  0.0005626 -0.106010 -0.008652  0.000295 -0.000088  37
2020 03 26 58934  0.044549  0.392952 -0.2230507  0.0005428 -0.106105 -0.008754  0.000243 -0.000028  37
2020 03 27 58935  0.044204  0.394102 -0.2235718  0.0004977 -0.106056 -0.008913  0.000196  0.000026  37
2020 03 28 58936  0.044789  0.395106 -0.2240364  0.0004294 -0.105856 -0.009071  0.000206  0.000043  37
2020 03 29 58937  0.045860  0.396437 -0.2244234  0.0003409 -0.105722 -0.009258  0.000248  0.000033  37
2020 03 30 58938  0.047117  0.397993 -0.2247212  0.0002583 -0.105738 -0.009510  0.000294  0.000008  37
2020 03 31 58939  0.048835  0.399616 -0.2249503  0.0002060 -0.105742 -0.009745  0.000330 -0.000028  37
2020 04 01 58940  0.050835  0.401317 -0.2251540  0.0002153 -0.105687 -0.009838  0.000305 -0.000073  37
2020 04 02 58941  0.052630  0.403227 -0.2254082  0.0003107 -0.105606 -0.009826  0.000257 -0.000120  37
2020 04 03 58942  0.053999  0.405172 -0.2258052  0.0005018 -0.105675 -0.009922  0.000208 -0.000160  37
2020 04 04 58943  0.054948  0.406770 -0.2264348  0.0007654 -0.105683 -0.010210  0.000206 -0.000171  37
2020 04 05 58944  0.055539  0.407920 -0.2273495  0.0010621 -0.105365 -0.010476  0.000228 -0.000161  37
2020 04 06 58945  0.055958  0.408826 -0.2285571  0.0013439 -0.104805 -0.010434  0.000244 -0.000143  37
2020 04 07 58946  0.056275  0.409425 -0.2300132  0.0015547 -0.104525 -0.010127  0.000243 -0.000121  37
2020 04 08 58947  0.056879  0.409985 -0.2316156  0.0016253 -0.104948 -0.009889  0.000188 -0.000104  37
2020 04 09 58948  0.057650  0.410957 -0.2332048  0.0015271 -0.105746 -0.009882  0.000115 -0.000088  37
2020 04 10 58949  0.058188  0.412009 -0.2346225  0.0012890 -0.106303 -0.009950  0.000070 -0.000066  37
2020 04 11 58950  0.058623  0.412941 -0.2357614  0.0009790 -0.106362 -0.009958  0.000053 -0.000041  37
2020 04 12 58951  0.059157  0.414019 -0.2365934  0.0007018 -0.106054 -0.009996  0.000055 -0.000017  37
2020 04 13 58952  0.059888  0.415359 -0.2371817  0.0004874 -0.105682 -0.010177  0.000072  0.000001  37
2020 04 14 58953  0.060961  0.416710 -0.2375852  0.0003242 -0.105525 -0.010405  0.000100  0.000010  37
2020 04 15 58954  0.062042  0.418094 -0.2378512  0.0002028 -0.105618 -0.010492  0.000137  0.000008  37
2020 04 16 58955  0.062904  0.419677 -0.2380330  0.0001805 -0.105665 -0.010420  0.000185 -0.000026  37
2020 04 17 58956  0.063833  0.421363 -0.2382458  0.0002732 -0.105405 -0.010283  0.000229 -0.000058  37
2020 04 18 58957  0.064453  0.422926 -0.2385795  0.0003991 -0.104968 -0.010118  0.000238 -0.000037  37
2020 04 19 58958  0.064353  0.424161 -0.2390243  0.0004729 -0.104679 -0.009901  0.000222  0.000017  37
2020 04 20 58959  0.063828  0.425089 -0.2395123  0.0004874 -0.104732 -0.009615  0.000200  0.000070  37
2020 04 21 58960  0.063333  0.425834 -0.2399970  0.0004720 -0.105012 -0.009366  0.000184  0.000095  37
2020 04 22 58961  0.063473  0.426487 -0.2404671  0.0004775 -0.105204 -0.009368  0.000200  0.000039  37
2020 04 23 58962  0.064328  0.427307 -0.2409529  0.0005440 -0.105208 -0.009627  0.000227 -0.000051  37
2020 04 24 58963  0.065574  0.428249 -0.2414597  0.0003632 -0.105110 -0.009966  0.000239 -0.000107  37
2020 04 25 58964  0.067104  0.429351 -0.2417085  0.0001368 -0.105013 -0.010240  0.000235 -0.000131  37
2020 04 26 58965  0.068416  0.430705 -0.2417971  0.0001230 -0.105006 -0.010421  0.000223 -0.000135  37
2020 04 27 58966  0.069469  0.431903 -0.2419297  0.0001278 -0.105139 -0.010561  0.000205 -0.000126  37
2020 04 28 58967  0.070734  0.432860 -0.2420446  0.0000921 -0.105334 -0.010680  0.000186 -0.000108  37
2020 04 29 58968  0.072346  0.433686 -0.2421291  0.0000815 -0.105406 -0.010734  0.000167 -0.000086  37
2020 04 30 58969  0.074192  0.434658 -0.2422378  0.0001476 -0.105244 -0.010707  0.000151 -0.000065  37
2020 05 01 58970  0.075912  0.435803 -0.2424644  0.0003297 -0.104866 -0.010693  0.000165 -0.000073  37
2020 05 02 58971  0.077693  0.436910 -0.2429212  0.0006030 -0.104476 -0.010734  0.000190 -0.000092  37
2020 05 03 58972  0.079707  0.438101 -0.2436591  0.0008569 -0.104197 -0.010751  0.000212 -0.000112  37
2020 05 04 58973  0.081529  0.439306 -0.2446119  0.0010169 -0.104131 -0.010636  0.000229 -0.000131  37
2020 05 05 58974  0.083012  0.440381 -0.2456764  0.0011031 -0.104423 -0.010443  0.000237 -0.000150  37
2020 05 06 58975  0.084395  0.441295 -0.2467818  0.0010948 -0.105089 -0.010365  0.000222 -0.000168  37
2020 05 07 58976  0.085949  0.442120 -0.2478213  0.0009687 -0.105802 -0.010454  0.000198 -0.000181  37
2020 05 08 58977  0.087685  0.442785 -0.2486853  0.0007458 -0.106198 -0.010547  0.000172 -0.000187  37
2020 05 09 58978  0.089611  0.443523 -0.2493090  0.0005057 -0.106146 -0.010508  0.000153 -0.000171  37
2020 05 10 58979  0.091616  0.444520 -0.2497138  0.0003176 -0.105786 -0.010453  0.000140 -0.000143  37
2020 05 11 58980  0.093259  0.445485 -0.2499699  0.0002111 -0.105382 -0.010558  0.000132 -0.000114  37
2020 05 12 58981  0.094659  0.446245 -0.2501571  0.0001727 -0.105195 -0.010777  0.000131 -0.000089  37
2020 05 13 58982  0.095995  0.446659 -0.2503300  0.0001747 -0.105296 -0.010918  0.000146 -0.000089  37
2020 05 14 58983  0.097311  0.446591 -0.2505198  0.0002045 -0.105509 -0.010859  0.000165 -0.000100  37
2020 05 15 58984  0.098857  0.446378 -0.2507538  0.0002657 -0.105532 -0.010689  0.000181 -0.000113  37
2020 05 16 58985  0.100381  0.446275 -0.2510653  0.0003658 -0.105357 -0.010539  0.000173 -0.000117  37
2020 05 17 58986  0.101771  0.446112 -0.2514874  0.0004841 -0.105225 -0.010426  0.000151 -0.000114  37
2020 05 18 58987  0.103063  0.445993 -0.2520184  0.0005745 -0.105378 -0.010275  0.000127 -0.000109  37
2020 05 19 58988  0.104507  0.445877 -0.2526075  0.0005841 -0.105778 -0.010077  0.000108 -0.000103  37
2020 05 20 58989  0.106109  0.445965 -0.2531655  0.0005176 -0.106135 -0.009952  0.000116 -0.000098  37
2020 05 21 58990  0.107419  0.446332 -0.2536296  0.0004042 -0.106314 -0.010015  0.000134 -0.000093  37
2020 05 22 58991  0.108204  0.446775 -0.2539657  0.0002704 -0.106320 -0.010248  0.000152 -0.000088  37
2020 05 23 58992  0.108435  0.446969 -0.2541581  0.0001085 -0.106307 -0.010500  0.000135 -0.000071  37
2020 05 24 58993  0.108479  0.446599 -0.2541826 -0.0000649 -0.106312 -0.010648  0.000100 -0.000051  37
2020 05 25 58994  0.108407  0.446006 -0.2540534 -0.0001741 -0.106388 -0.010680  0.000069 -0.000038  37
2020 05 26 58995  0.108468  0.445302 -0.2538590 -0.0001923 -0.106580 -0.010672  0.000052 -0.000039  37
2020 05 27 58996  0.109222  0.444475 -0.2536816 -0.0001596 -0.106769 -0.010703  0.000061 -0.000058  37
2020 05 28 58997  0.110169  0.443895 -0.2535610 -0.0000770 -0.106628 -0.010806  0.000132 -0.000121  37
2020 05 29 58998  0.110995  0.443402 -0.2535538  0.0000718 -0.106139 -0.010896  0.000215 -0.000192  37
2020 05 30 58999  0.112053  0.442892 -0.2537227  0.0002732 -0.105627 -0.010858  0.000239 -0.000226  37
2020 05 31 59000  0.113135  0.442353 -0.2540983  0.0004760 -0.105426 -0.010660  0.000213 -0.000225  37
2020 06 01 59001  0.114178  0.441625 -0.2546473  0.0006061 -0.105749 -0.010372  0.000167 -0.000207  37
2020 06 02 59002  0.115379  0.440995 -0.2552647  0.0006019 -0.106552 -0.010141  0.000116 -0.000180  37
2020 06 03 59003  0.116631  0.440577 -0.2558046  0.0004503 -0.107500 -0.010094  0.000076 -0.000154  37
2020 06 04 59004  0.118028  0.440330 -0.2561382  0.0002062 -0.108122 -0.010211  0.000084 -0.000144  37
2020 06 05 59005  0.119646  0.440425 -0.2562120 -0.0000508 -0.108298 -0.010304  0.000106 -0.000139  37
2020 06 06 59006  0.121374  0.440806 -0.2560446 -0.0002700 -0.108127 -0.010265  0.000116 -0.000130  37
2020 06 07 59007  0.122996  0.441329 -0.2556869 -0.0004343 -0.107789 -0.010193  0.000116 -0.000118  37
2020 06 08 59008  0.124252  0.441659 -0.2551953 -0.0005399 -0.107471 -0.010253  0.000112 -0.000108  37
2020 06 09 59009  0.125445  0.441547 -0.2546244 -0.0005966 -0.107338 -0.010451  0.000105 -0.000099  37
2020 06 10 59010  0.126977  0.441119 -0.2540138 -0.0006251 -0.107481 -0.010631  0.000092 -0.000097  37
2020 06 11 59011  0.128753  0.440783 -0.2533844 -0.0006350 -0.107794 -0.010655  0.000087 -0.000095  37
2020 06 12 59012  0.130574  0.440804 -0.2527543 -0.0006267 -0.107953 -0.010535  0.000136 -0.000062  37
2020 06 13 59013  0.132426  0.440812 -0.2521449 -0.0005901 -0.107871 -0.010394  0.000225 -0.000008  37
2020 06 14 59014  0.134402  0.440675 -0.2515899 -0.0005035 -0.107712 -0.010282  0.000322  0.000048  37
2020 06 15 59015  0.136404  0.440416 -0.2511312 -0.0004039 -0.107707 -0.010133  0.000407  0.000094  37
2020 06 16 59016  0.138395  0.439889 -0.2507464 -0.0003841 -0.107967 -0.009906  0.000460  0.000118  37
2020 06 17 59017  0.140413  0.439328 -0.2503289 -0.0004674 -0.108602 -0.009734  0.000395  0.000064  37
2020 06 18 59018  0.142594  0.438750 -0.2497800 -0.0006353 -0.109263 -0.009721  0.000290 -0.000016  37
2020 06 19 59019  0.144939  0.438091 -0.2490414 -0.0008363 -0.109765 -0.009924  0.000186 -0.000094  37
2020 06 20 59020  0.147153  0.437563 -0.2481101 -0.0010159 -0.109956 -0.010225  0.000135 -0.000128  37
2020 06 21 59021  0.149302  0.437056 -0.2470288 -0.0011359 -0.109924 -0.010466  0.000124 -0.000132  37
2020 06 22 59022  0.151145  0.436501 -0.2458662 -0.0011793 -0.109834 -0.010540  0.000133 -0.000124  37
2020 06 23 59023  0.152580  0.435811 -0.2446993 -0.0011452 -0.109825 -0.010471  0.000157 -0.000109  37
2020 06 24 59024  0.154007  0.435051 -0.2436000 -0.0010400 -0.109902 -0.010390  0.000195 -0.000101  37
2020 06 25 59025  0.155452  0.434441 -0.2426398 -0.0008668 -0.109936 -0.010380  0.000234 -0.000096  37
2020 06 26 59026  0.157032  0.433862 -0.2418807 -0.0006447 -0.109788 -0.010422  0.000266 -0.000094  37
2020 06 27 59027  0.158919  0.433318 -0.2413524 -0.0004183 -0.109597 -0.010415  0.000251 -0.000096  37
2020 06 28 59028  0.160883  0.432766 -0.2410273 -0.0002516 -0.109572 -0.010283  0.000208 -0.000103  37
2020 06 29 59029  0.162806  0.432293 -0.2408131 -0.0002056 -0.109926 -0.010068  0.000161 -0.000115  37
2020 06 30 59030  0.164836  0.432031 -0.2405663 -0.0003113 -0.110660 -0.009903  0.000121 -0.000130  37
2020 07 01 59031  0.166861  0.431615 -0.2401466 -0.0005307 -0.111462 -0.009888  0.000112 -0.000151  37
2020 07 02 59032  0.168587  0.430916 -0.2394911 -0.0007782 -0.112033 -0.009994  0.000117 -0.000173  37
2020 07 03 59033  0.170110  0.429975 -0.2385994 -0.0010035 -0.112196 -0.010100  0.000133 -0.000190  37
2020 07 04 59034  0.171661  0.428797 -0.2375031 -0.0011898 -0.112015 -0.010143  0.000154 -0.000200  37
2020 07 05 59035  0.173461  0.427411 -0.2362357 -0.0013177 -0.111695 -0.010168  0.000176 -0.000204  37
2020 07 06 59036  0.175569  0.426071 -0.2349033 -0.0013290 -0.111434 -0.010257  0.000192 -0.000203  37
2020 07 07 59037  0.177674  0.424811 -0.2336085 -0.0012584 -0.111351 -0.010405  0.000199 -0.000196  37
2020 07 08 59038  0.179651  0.423400 -0.2323967 -0.0011659 -0.111539 -0.010513  0.000174 -0.000177  37
2020 07 09 59039  0.181582  0.421868 -0.2312742 -0.0010825 -0.111917 -0.010519  0.000138 -0.000154  37
2020 07 10 59040  0.183450  0.420483 -0.2302215 -0.0010255 -0.112375 -0.010456  0.000105 -0.000134  37
2020 07 11 59041  0.185180  0.419372 -0.2292115 -0.0009985 -0.112741 -0.010410  0.000093 -0.000130  37
2020 07 12 59042  0.186656  0.418208 -0.2282120 -0.0010051 -0.112956 -0.010381  0.000096 -0.000134  37
2020 07 13 59043  0.187655  0.416926 -0.2271893 -0.0010429 -0.113096 -0.010293  0.000106 -0.000143  37
2020 07 14 59044  0.188538  0.415702 -0.2261183 -0.0011023 -0.113318 -0.010100  0.000120 -0.000152  37
2020 07 15 59045  0.189756  0.414710 -0.2249796 -0.0011754 -0.113731 -0.009861  0.000130 -0.000153  37
2020 07 16 59046  0.191027  0.413833 -0.2237679 -0.0012507 -0.114240 -0.009729  0.000139 -0.000152  37
2020 07 17 59047  0.192239  0.412871 -0.2224800 -0.0013287 -0.114633 -0.009814  0.000149 -0.000150  37
2020 07 18 59048  0.193257  0.411883 -0.2211141 -0.0014033 -0.114749 -0.010090  0.000164 -0.000153  37
2020 07 19 59049  0.193928  0.410722 -0.2196826 -0.0014504 -0.114630 -0.010409  0.000180 -0.000158  37
2020 07 20 59050  0.194403  0.409451 -0.2182343 -0.0014262 -0.114439 -0.010606  0.000190 -0.000162  37
2020 07 21 59051  0.194771  0.408169 -0.2168641 -0.0012975 -0.114303 -0.010609  0.000192 -0.000163  37
2020 07 22 59052  0.195183  0.406686 -0.2156696 -0.0010835 -0.114303 -0.010471  0.000162 -0.000155  37
2020 07 23 59053  0.195701  0.405221 -0.2147099 -0.0008377 -0.114376 -0.010332  0.000123 -0.000144  37
2020 07 24 59054  0.196430  0.403990 -0.2139843 -0.0006243 -0.114497 -0.010293  0.000090 -0.000131  37
2020 07 25 59055  0.197229  0.402826 -0.2134321 -0.0004956 -0.114586 -0.010348  0.000099 -0.000124  37
2020 07 26 59056  0.197818  0.401665 -0.2129547 -0.0004759 -0.114683 -0.010393  0.000132 -0.000120  37
2020 07 27 59057  0.198116  0.400492 -0.2124430 -0.0005539 -0.114843 -0.010353  0.000169 -0.000114  37
2020 07 28 59058  0.198275  0.399315 -0.2118274 -0.0006815 -0.115107 -0.010247  0.000200 -0.000105  37
2020 07 29 59059  0.198661  0.398193 -0.2110766 -0.0008237 -0.115538 -0.010139  0.000190 -0.000083  37
2020 07 30 59060  0.199260  0.397116 -0.2101870 -0.0009558 -0.115972 -0.010077  0.000164 -0.000058  37
2020 07 31 59061  0.199943  0.395968 -0.2091794 -0.0010541 -0.116233 -0.010062  0.000132 -0.000031  37
2020 08 01 59062  0.201064  0.394830 -0.2080989 -0.0010882 -0.116226 -0.010095  0.000106 -0.000006  37
2020 08 02 59063  0.202610  0.394109 -0.2070341 -0.0010306 -0.116040 -0.010182  0.000085  0.000015  37
2020 08 03 59064  0.203906  0.393671 -0.2060611 -0.0009109 -0.115852 -0.010299  0.000071  0.000030  37
2020 08 04 59065  0.205039  0.393186 -0.2052219 -0.0007727 -0.115780 -0.010374  0.000063  0.000037  37
2020 08 05 59066  0.206161  0.392511 -0.2045080 -0.0006528 -0.115819 -0.010350  0.000072  0.000027  37
2020 08 06 59067  0.207149  0.391690 -0.2039083 -0.0005402 -0.115960 -0.010237  0.000088  0.000008  37
2020 08 07 59068  0.208033  0.390779 -0.2034253 -0.0004271 -0.116178 -0.010127  0.000109 -0.000015  37
2020 08 08 59069  0.208909  0.389490 -0.2030482 -0.0003436 -0.116387 -0.010088  0.000130 -0.000034  37
2020 08 09 59070  0.209949  0.388028 -0.2027171 -0.0003396 -0.116454 -0.010091  0.000149 -0.000049  37
2020 08 10 59071  0.211031  0.386676 -0.2023380 -0.0004273 -0.116369 -0.010055  0.000167 -0.000064  37
2020 08 11 59072  0.212069  0.385322 -0.2018407 -0.0005655 -0.116351 -0.009951  0.000182 -0.000078  37
2020 08 12 59073  0.213164  0.383884 -0.2012015 -0.0007097 -0.116647 -0.009858  0.000193 -0.000092  37
2020 08 13 59074  0.214324  0.382234 -0.2004261 -0.0008478 -0.117222 -0.009878  0.000196 -0.000106  37
2020 08 14 59075  0.215224  0.380571 -0.1995064 -0.0009964 -0.117712 -0.010037  0.000196 -0.000120  37
2020 08 15 59076  0.215796  0.379121 -0.1984350 -0.0011206 -0.117826 -0.010286  0.000187 -0.000141  37
2020 08 16 59077  0.216288  0.377927 -0.1972989 -0.0011314 -0.117602 -0.010534  0.000173 -0.000167  37
2020 08 17 59078  0.216791  0.377073 -0.1962150 -0.0010542 -0.117282 -0.010697  0.000162 -0.000189  37
2020 08 18 59079  0.217156  0.376411 -0.1951951 -0.0009644 -0.117002 -0.010696  0.000159 -0.000204  37
2020 08 19 59080  0.217084  0.375733 -0.1943024 -0.0007754 -0.116749 -0.010508  0.000169 -0.000206  37
2020 08 20 59081  0.216817  0.374813 -0.1936831 -0.0004694 -0.116509 -0.010232  0.000215 -0.000182  37
2020 08 21 59082  0.216803  0.373489 -0.1933592 -0.0002055 -0.116502 -0.010083  0.000258 -0.000149  37
2020 08 22 59083  0.217051  0.371822 -0.1932292 -0.0000749 -0.116893 -0.010162  0.000238 -0.000122  37
2020 08 23 59084  0.217641  0.370136 -0.1931628 -0.0000790 -0.117471 -0.010347  0.000170 -0.000103  37
2020 08 24 59085  0.218352  0.368683 -0.1930327 -0.0002103 -0.117958 -0.010445  0.000089 -0.000089  37
2020 08 25 59086  0.218766  0.367322 -0.1927067 -0.0004588 -0.118252 -0.010400  0.000019 -0.000083  37
2020 08 26 59087  0.218776  0.366073 -0.1920949 -0.0007539 -0.118288 -0.010301  0.000025 -0.000090  37
2020 08 27 59088  0.218567  0.364892 -0.1912122 -0.0009983 -0.118281 -0.010225  0.000064 -0.000102  37
2020 08 28 59089  0.218420  0.363846 -0.1901258 -0.0011613 -0.118265 -0.010196  0.000113 -0.000112  37
2020 08 29 59090  0.218124  0.363110 -0.1889186 -0.0012414 -0.118174 -0.010209  0.000148 -0.000104  37
2020 08 30 59091  0.217522  0.362324 -0.1876667 -0.0012454 -0.117932 -0.010281  0.000172 -0.000086  37
2020 08 31 59092  0.216791  0.361506 -0.1864510 -0.0011684 -0.117617 -0.010371  0.000192 -0.000067  37
2020 09 01 59093  0.215873  0.360593 -0.1853521 -0.0010191 -0.117375 -0.010367  0.000208 -0.000052  37
2020 09 02 59094  0.214915  0.359328 -0.1844273 -0.0008388 -0.117266 -0.010195  0.000222 -0.000056  37
2020 09 03 59095  0.214041  0.357799 -0.1836679 -0.0006923 -0.117268 -0.009901  0.000233 -0.000068  37
2020 09 04 59096  0.213292  0.356042 -0.1830232 -0.0006079 -0.117333 -0.009656  0.000239 -0.000082  37
2020 09 05 59097  0.212742  0.354434 -0.1824292 -0.0005727 -0.117381 -0.009581  0.000241 -0.000093  37
2020 09 06 59098  0.212274  0.353126 -0.1818733 -0.0005467 -0.117307 -0.009634  0.000238 -0.000100  37
2020 09 07 59099  0.211785  0.351764 -0.1813279 -0.0005721 -0.117111 -0.009689  0.000228 -0.000102  37
2020 09 08 59100  0.211278  0.350397 -0.1807009 -0.0006793 -0.117014 -0.009701  0.000210 -0.000098  37
2020 09 09 59101  0.210966  0.349446 -0.1799624 -0.0007773 -0.117296 -0.009747  0.000182 -0.000086  37
2020 09 10 59102  0.210911  0.348808 -0.1791681 -0.0008128 -0.117952 -0.009883  0.000134 -0.000058  37
2020 09 11 59103  0.210854  0.348302 -0.1783514 -0.0008270 -0.118504 -0.010053  0.000087 -0.000029  37
2020 09 12 59104  0.210275  0.347535 -0.1775211 -0.0008177 -0.118471 -0.010133  0.000075 -0.000008  37
2020 09 13 59105  0.209447  0.346434 -0.1767416 -0.0007220 -0.117950 -0.010084  0.000089  0.000001  37
2020 09 14 59106  0.208717  0.345404 -0.1761133 -0.0005281 -0.117380 -0.009972  0.000109  0.000002  37
2020 09 15 59107  0.208114  0.344136 -0.1757079 -0.0002829 -0.117018 -0.009829  0.000122 -0.000008  37
2020 09 16 59108  0.207864  0.342755 -0.1755478 -0.0000264 -0.116945 -0.009616  0.000082 -0.000037  37
2020 09 17 59109  0.207793  0.341458 -0.1756482  0.0002252 -0.117048 -0.009366  0.000027 -0.000072  37
2020 09 18 59110  0.207490  0.340043 -0.1759738  0.0004066 -0.117342 -0.009281 -0.000024 -0.000105  37
2020 09 19 59111  0.206758  0.338605 -0.1764175  0.0004496 -0.117654 -0.009473 -0.000024 -0.000118  37
2020 09 20 59112  0.205777  0.337223 -0.1768199  0.0003330 -0.117841 -0.009774  0.000005 -0.000117  37
2020 09 21 59113  0.204667  0.336003 -0.1770466  0.0001119 -0.117851 -0.009901  0.000039 -0.000109  37
2020 09 22 59114  0.203464  0.334965 -0.1770351 -0.0001266 -0.117768 -0.009802  0.000064 -0.000097  37
2020 09 23 59115  0.202395  0.333979 -0.1768145 -0.0003072 -0.117800 -0.009684  0.000036 -0.000092  37
2020 09 24 59116  0.201380  0.332962 -0.1764496 -0.0004149 -0.117901 -0.009677 -0.000009 -0.000086  37
2020 09 25 59117  0.200105  0.331816 -0.1760104 -0.0004628 -0.118033 -0.009722 -0.000049 -0.000072  37
2020 09 26 59118  0.198709  0.330542 -0.1755348 -0.0004881 -0.118032 -0.009697 -0.000039 -0.000029  37
2020 09 27 59119  0.197373  0.329228 -0.1750337 -0.0005041 -0.117826 -0.009627  0.000001  0.000028  37
2020 09 28 59120  0.196194  0.327926 -0.1745294 -0.0004875 -0.117433 -0.009570  0.000053  0.000080  37
2020 09 29 59121  0.195121  0.326599 -0.1740706 -0.0004183 -0.116994 -0.009486  0.000106  0.000114  37
2020 09 30 59122  0.194251  0.325348 -0.1737046 -0.0003155 -0.116691 -0.009316  0.000140  0.000087  37
2020 10 01 59123  0.193553  0.324421 -0.1734391 -0.0002225 -0.116529 -0.009033  0.000163  0.000035  37
2020 10 02 59124  0.192611  0.323693 -0.1732495 -0.0001627 -0.116436 -0.008784  0.000176 -0.000016  37
2020 10 03 59125  0.191413  0.322800 -0.1731015 -0.0001394 -0.116361 -0.008693  0.000164 -0.000025  37
2020 10 04 59126  0.190476  0.321546 -0.1729596 -0.0001534 -0.116233 -0.008768  0.000138 -0.000006  37
2020 10 05 59127  0.190046  0.320182 -0.1727832 -0.0002163 -0.116052 -0.008878  0.000108  0.000020  37
2020 10 06 59128  0.189513  0.319220 -0.1725093 -0.0003401 -0.115950 -0.008948  0.000080  0.000045  37
2020 10 07 59129  0.188475  0.318479 -0.1720910 -0.0004864 -0.116071 -0.009056  0.000070  0.000047  37
2020 10 08 59130  0.187213  0.317517 -0.1715461 -0.0005882 -0.116416 -0.009247  0.000070  0.000039  37
2020 10 09 59131  0.185901  0.316247 -0.1709397 -0.0006113 -0.116664 -0.009421  0.000074  0.000029  37
2020 10 10 59132  0.184575  0.314950 -0.1703544 -0.0005619 -0.116472 -0.009402  0.000082  0.000024  37
2020 10 11 59133  0.183059  0.313799 -0.1698330 -0.0004707 -0.115899 -0.009153  0.000092  0.000023  37
2020 10 12 59134  0.181480  0.312514 -0.1694333 -0.0002910 -0.115331 -0.008828  0.000101  0.000024  37
2020 10 13 59135  0.180219  0.311343 -0.1692936  0.0000170 -0.115029 -0.008560  0.000109  0.000028  37
2020 10 14 59136  0.179146  0.310457 -0.1694808  0.0003418 -0.114955 -0.008316  0.000113  0.000035  37
2020 10 15 59137  0.178363  0.309573 -0.1699495  0.0005964 -0.115043 -0.008062  0.000111  0.000045  37
2020 10 16 59138  0.177922  0.308834 -0.1706425  0.0007773 -0.115275 -0.007956  0.000102  0.000057  37
2020 10 17 59139  0.177807  0.308155 -0.1714673  0.0008265 -0.115536 -0.008153  0.000075  0.000064  37
2020 10 18 59140  0.177807  0.307420 -0.1722360  0.0006744 -0.115577 -0.008476  0.000037  0.000068  37
2020 10 19 59141  0.177169  0.306588 -0.1727665  0.0003931 -0.115384 -0.008570  0.000005  0.000073  37
2020 10 20 59142  0.175889  0.305589 -0.1730248  0.0001482 -0.115189 -0.008374 -0.000011  0.000080  37
2020 10 21 59143  0.174527  0.304704 -0.1731059  0.0000242 -0.115014 -0.008181  0.000037  0.000103  37
2020 10 22 59144  0.173300  0.303952 -0.1731127 -0.0000033 -0.114856 -0.008243  0.000107  0.000127  37
2020 10 23 59145  0.172158  0.303186 -0.1731254  0.0000325 -0.114691 -0.008438  0.000178  0.000142  37
2020 10 24 59146  0.170964  0.302389 -0.1731879  0.0000952 -0.114642 -0.008539  0.000205  0.000109  37
2020 10 25 59147  0.169602  0.301518 -0.1733155  0.0001624 -0.114623 -0.008468  0.000205  0.000053  37
2020 10 26 59148  0.168292  0.300618 -0.1735075  0.0002269 -0.114486 -0.008347  0.000195  0.000001  37
2020 10 27 59149  0.166996  0.299870 -0.1737662  0.0002912 -0.114240 -0.008257  0.000185 -0.000032  37
2020 10 28 59150  0.165363  0.299171 -0.1740845  0.0003397 -0.113980 -0.008076  0.000196  0.000010  37
2020 10 29 59151  0.163771  0.298525 -0.1744338  0.0003528 -0.113817 -0.007770  0.000216  0.000083  37
2020 10 30 59152  0.162270  0.298211 -0.1747765  0.0003278 -0.113702 -0.007437  0.000235  0.000161  37
2020 10 31 59153  0.160493  0.297753 -0.1750777  0.0002728 -0.113535 -0.007291  0.000256  0.000185  37
2020 11 01 59154  0.158622  0.297085 -0.1753167  0.0002006 -0.113332 -0.007370  0.000273  0.000173  37
2020 11 02 59155  0.156831  0.296583 -0.1754759  0.0001125 -0.113165 -0.007544  0.000278  0.000150  37
2020 11 03 59156  0.155140  0.296047 -0.1755407  0.0000061 -0.113097 -0.007689  0.000263  0.000125  37
2020 11 04 59157  0.153901  0.295396 -0.1754828 -0.0001225 -0.113174 -0.007792  0.000224  0.000106  37
2020 11 05 59158  0.153103  0.294583 -0.1752980 -0.0002393 -0.113466 -0.007880  0.000126  0.000119  37
2020 11 06 59159  0.152202  0.293555 -0.1750179 -0.0003001 -0.113709 -0.007947  0.000030  0.000134  37
2020 11 07 59160  0.150926  0.292763 -0.1747290 -0.0002520 -0.113524 -0.007907  0.000026  0.000125  37
2020 11 08 59161  0.149394  0.292397 -0.1745568 -0.0000766 -0.112958 -0.007712  0.000092  0.000096  37
2020 11 09 59162  0.147859  0.292033 -0.1746111  0.0001854 -0.112321 -0.007457  0.000183  0.000061  37
2020 11 10 59163  0.146178  0.291635 -0.1749374  0.0004581 -0.111867 -0.007260  0.000271  0.000027  37
2020 11 11 59164  0.144205  0.291194 -0.1755090  0.0006821 -0.111814 -0.007087  0.000281  0.000014  37
2020 11 12 59165  0.142181  0.290684 -0.1762720  0.0008345 -0.112031 -0.006894  0.000254  0.000011  37
2020 11 13 59166  0.140150  0.290229 -0.1771399  0.0008793 -0.112445 -0.006780  0.000212  0.000014  37
2020 11 14 59167  0.137796  0.289634 -0.1779854  0.0007806 -0.112879 -0.006893  0.000153  0.000019  37
2020 11 15 59168  0.135264  0.288959 -0.1786566  0.0005417 -0.113031 -0.007139  0.000089  0.000028  37
2020 11 16 59169  0.132942  0.288446 -0.1790451  0.0002328 -0.112837 -0.007209  0.000034  0.000037  37
2020 11 17 59170  0.130866  0.287964 -0.1791283 -0.0000494 -0.112555 -0.006999 -0.000003  0.000047  37
2020 11 18 59171  0.129076  0.287354 -0.1789804 -0.0002262 -0.112303 -0.006788  0.000017  0.000054  37
2020 11 19 59172  0.127600  0.286819 -0.1787170 -0.0002840 -0.112091 -0.006856  0.000062  0.000060  37
2020 11 20 59173  0.126315  0.286700 -0.1784448 -0.0002496 -0.111858 -0.007106  0.000115  0.000064  37
2020 11 21 59174  0.125201  0.286662 -0.1782360 -0.0001562 -0.111718 -0.007223  0.000152  0.000051  37
2020 11 22 59175  0.124535  0.286356 -0.1781441 -0.0000179 -0.111699 -0.007064  0.000175  0.000033  37
2020 11 23 59176  0.124158  0.286309 -0.1782088  0.0001344 -0.111688 -0.006791  0.000188  0.000020  37
2020 11 24 59177  0.123552  0.286605 -0.1783997  0.0002353 -0.111619 -0.006606  0.000191  0.000022  37
2020 11 25 59178  0.122498  0.286982 -0.1786575  0.0002664 -0.111570 -0.006506  0.000182  0.000044  37
2020 11 26 59179  0.120924  0.287430 -0.1789061  0.0002305 -0.111626 -0.006326  0.000158  0.000118  37
2020 11 27 59180  0.118781  0.287850 -0.1791048  0.0001671 -0.111711 -0.006065  0.000127  0.000196  37
2020 11 28 59181  0.116189  0.288228 -0.1792349  0.0000901 -0.111738 -0.005879  0.000094  0.000227  37
2020 11 29 59182  0.113426  0.288458 -0.1792824 -0.0000040 -0.111733 -0.005888  0.000061  0.000216  37
2020 11 30 59183  0.110769  0.288483 -0.1792216 -0.0001227 -0.111761 -0.006071  0.000034  0.000177  37
2020 12 01 59184  0.108355  0.288112 -0.1790352 -0.0002544 -0.111788 -0.006308  0.000015  0.000117  37
2020 12 02 59185  0.106175  0.287779 -0.1792125 -0.0006439 -0.110863 -0.006716  0.000337 -0.000170  37
2020 12 03 59186  0.104617  0.287477 -0.1785326 -0.0006792 -0.111027 -0.006759  0.000178 -0.000153  37
2020 12 04 59187  0.102984  0.287909 -0.1779298 -0.0004325 -0.111001 -0.006766  0.000075 -0.000141  37
2020 12 05 59188  0.101328  0.288802 -0.1776340 -0.0001993 -0.110882 -0.006736  0.000020 -0.000130  37
2020 12 06 59189  0.099462  0.289499 -0.1775405  0.0000176 -0.110678 -0.006660  0.000003 -0.000121  37
2020 12 07 59190  0.097429  0.289656 -0.1776667  0.0002237 -0.110396 -0.006554  0.000016 -0.000112  37
2020 12 08 59191  0.095430  0.289691 -0.1779862  0.0004020 -0.110115 -0.006435  0.000047 -0.000103  37
2020 12 09 59192  0.093414  0.289624 -0.1784687  0.0005605 -0.109966 -0.006285  0.000089 -0.000093  37
2020 12 10 59193  0.091665  0.289386 -0.1790814  0.0006578 -0.110056 -0.006094  0.000131 -0.000081  37
2020 12 11 59194  0.090381  0.289397 -0.1797284  0.0006133 -0.110400 -0.005943  0.000164 -0.000066  37
2020 12 12 59195  0.089308  0.290011 -0.1802415  0.0003596 -0.110922 -0.005937  0.000149 -0.000034  37
2020 12 13 59196  0.088101  0.291075 -0.1804414  0.0000322 -0.111306 -0.006056  0.000103  0.000003  37
2020 12 14 59197  0.086746  0.292060 -0.1803445 -0.0001627 -0.111377 -0.006116  0.000050  0.000033  37
2020 12 15 59198  0.085415  0.292797 -0.1801027 -0.0003366 -0.111228 -0.006011  0.000001  0.000046  37
2020 12 16 59199  0.084117  0.293351 -0.1796986 -0.0004646 -0.110964 -0.005928 -0.000017  0.000005  37
2020 12 17 59200  0.082968  0.293970 -0.1792174 -0.0004786 -0.110650 -0.006043 -0.000016 -0.000055  37
2020 12 18 59201  0.082100  0.294563 -0.1787777 -0.0003825 -0.110302 -0.006304  0.000001 -0.000111  37
2020 12 19 59202  0.081216  0.294915 -0.1784674 -0.0002320 -0.109879 -0.006459  0.000091 -0.000156  37
2020 12 20 59203  0.080070  0.295231 -0.1783130 -0.0000807 -0.109606 -0.006340  0.000201 -0.000172  37
2020 12 21 59204  0.078889  0.295492 -0.1782998  0.0000537 -0.109574 -0.006044  0.000273 -0.000138  37
2020 12 22 59205  0.077904  0.295774 -0.1784020  0.0001522 -0.109755 -0.005762  0.000269 -0.000038  37
2020 12 23 59206  0.077256  0.296059 -0.1785604  0.0001229 -0.110223 -0.005521  0.000140  0.000157  37
2020 12 24 59207  0.076980  0.296518 -0.1786426  0.0000372 -0.110539 -0.005332  0.000056  0.000308  37
2020 12 25 59208  0.076675  0.297247 -0.1786347 -0.0000287 -0.110550 -0.005129  0.000065  0.000374  37
2020 12 26 59209  0.075986  0.297951 -0.1785415 -0.0002051 -0.110363 -0.004941  0.000115  0.000381  37
2020 12 27 59210  0.075022  0.298717 -0.1782400 -0.0003861 -0.110143 -0.004913  0.000174  0.000347  37
2020 12 28 59211  0.073953  0.299956 -0.1777868 -0.0004997 -0.110070 -0.005115  0.000205  0.000287  37
2020 12 29 59212  0.072646  0.301505 -0.1772460 -0.0005688 -0.110182 -0.005456  0.000176  0.000217  37
2020 12 30 59213  0.071190  0.302545 -0.1766460 -0.0006415 -0.110430 -0.005754  0.000037  0.000157  37
2020 12 31 59214  0.069771  0.303114 -0.1759878 -0.0006652 -0.110362 -0.005903 -0.000068  0.000105  37
2021 01 01 59215  0.068687  0.304068 -0.1753654 -0.0005999 -0.109949 -0.005743 -0.000081  0.000232  37
2021 01 02 59216  0.067662  0.305434 -0.1748321 -0.0004536 -0.109562 -0.005701 -0.000075  0.000207  37
2021 01 03 59217  0.066028  0.306716 -0.1744775 -0.0002445 -0.109201 -0.005713 -0.000019  0.000168  37
2021 01 04 59218  0.063873  0.307756 -0.1743395 -0.0000454 -0.108867 -0.005770  0.000061  0.000124  37
2021 01 05 59219  0.061812  0.308638 -0.1743848  0.0001363 -0.108589 -0.005805  0.000143  0.000080  37
2021 01 06 59220  0.060406  0.309491 -0.1745868  0.0002546 -0.108628 -0.005747  0.000151  0.000052  37
2021 01 07 59221  0.059577  0.310260 -0.1748551  0.0002622 -0.108927 -0.005615  0.000142  0.000034  37
2021 01 08 59222  0.058942  0.311095 -0.1750697  0.0001517 -0.109397 -0.005496  0.000135  0.000027  37
2021 01 09 59223  0.058321  0.311998 -0.1751184 -0.0000846 -0.109817 -0.005409  0.000149  0.000097  37
2021 01 10 59224  0.057953  0.313023 -0.1749062 -0.0003347 -0.110027 -0.005405  0.000171  0.000186  37
2021 01 11 59225  0.057536  0.314009 -0.1744818 -0.0004761 -0.109986 -0.005444  0.000187  0.000236  37
2021 01 12 59226  0.056944  0.314654 -0.1739706 -0.0005324 -0.109789 -0.005500  0.000188  0.000206  37
2021 01 13 59227  0.056043  0.315389 -0.1734346 -0.0005338 -0.109565 -0.005689  0.000170  0.000035  37
2021 01 14 59228  0.054981  0.316073 -0.1729210 -0.0004905 -0.109547 -0.005837  0.000064 -0.000007  37
2021 01 15 59229  0.054319  0.316851 -0.1724656 -0.0004254 -0.108940 -0.006050  0.000196 -0.000042  37
2021 01 16 59230  0.053753  0.317787 -0.1720832 -0.0003344 -0.108572 -0.006152  0.000262 -0.000025  37
2021 01 17 59231  0.053029  0.318700 -0.1717953 -0.0002418 -0.108655 -0.006046  0.000216  0.000047  37
2021 01 18 59232  0.052510  0.319436 -0.1715872 -0.0001828 -0.108850 -0.005842  0.000200  0.000116  37
2021 01 19 59233  0.052552  0.320024 -0.1714169 -0.0001669 -0.109139 -0.005684  0.000189  0.000172  37
2021 01 20 59234  0.052718  0.320910 -0.1712451 -0.0001773 -0.109380 -0.005668  0.000191  0.000165  37
2021 01 21 59235  0.052541  0.321972 -0.1710498 -0.0002167 -0.109488 -0.005689  0.000199  0.000122  37
2021 01 22 59236  0.052388  0.323086 -0.1707991 -0.0002836 -0.109449 -0.005639  0.000211  0.000070  37
2021 01 23 59237  0.052333  0.324266 -0.1704630 -0.0004015 -0.109355 -0.005499  0.000210  0.000063  37
2021 01 24 59238  0.051845  0.325652 -0.1699921 -0.0005467 -0.109280 -0.005431  0.000206  0.000079  37
2021 01 25 59239  0.050991  0.327145 -0.1693853 -0.0006524 -0.109272 -0.005564  0.000209  0.000097  37
2021 01 26 59240  0.050357  0.328674 -0.1687014 -0.0007098 -0.109287 -0.005875  0.000225  0.000105  37
2021 01 27 59241  0.050020  0.330467 -0.1679942 -0.0006915 -0.109123 -0.006217  0.000283  0.000092  37
2021 01 28 59242  0.049919  0.332434 -0.1673581 -0.0005473 -0.108795 -0.006429  0.000332  0.000055  37
2021 01 29 59243  0.049918  0.334351 -0.1669134 -0.0003419 -0.108399 -0.006468  0.000333 -0.000014  37
2021 01 30 59244  0.049619  0.336123 -0.1666909 -0.0001072 -0.108033 -0.006365  0.000304 -0.000065  37
2021 01 31 59245  0.049357  0.337910 -0.1667181  0.0001712 -0.107839 -0.006245  0.000258 -0.000078  37
2021 02 01 59246  0.049414  0.339848 -0.1670245  0.0004376 -0.107899 -0.006210  0.000206 -0.000068  37
2021 02 02 59247  0.049450  0.341653 -0.1675592  0.0006143 -0.108182 -0.006242  0.000158 -0.000045  37
2021 02 03 59248  0.049298  0.343119 -0.1682057  0.0006544 -0.108537 -0.006272  0.000144 -0.000034  37
2021 02 04 59249  0.049210  0.344354 -0.1688224  0.0005587 -0.108911 -0.006229  0.000145 -0.000022  37
2021 02 05 59250  0.049244  0.345627 -0.1692859  0.0003347 -0.109237 -0.006134  0.000152 -0.000002  37
2021 02 06 59251  0.049168  0.346980 -0.1695087  0.0001375 -0.109570 -0.006022  0.000105  0.000058  37
2021 02 07 59252  0.049107  0.348373 -0.1695690  0.0000061 -0.109714 -0.005950  0.000052  0.000131  37
2021 02 08 59253  0.049348  0.349860 -0.1695155 -0.0001429 -0.109528 -0.005940  0.000050  0.000189  37
2021 02 09 59254  0.049931  0.351316 -0.1693460 -0.0001434 -0.109016 -0.005999  0.000132  0.000214  37
2021 02 10 59255  0.050593  0.352600 -0.1692494 -0.0000381 -0.107597 -0.006179  0.000585  0.000167  37
2021 02 11 59256  0.051120  0.353802 -0.1692754  0.0000706 -0.106834 -0.006443  0.000827  0.000082  37
2021 02 12 59257  0.051355  0.354898 -0.1694207  0.0002506 -0.107819 -0.006724  0.000417 -0.000025  37
2021 02 13 59258  0.051524  0.355736 -0.1697551  0.0004011 -0.108862 -0.006888 -0.000002 -0.000095  37
2021 02 14 59259  0.051806  0.356782 -0.1701999  0.0004626 -0.109190 -0.006895 -0.000131 -0.000105  37
2021 02 15 59260  0.051625  0.358100 -0.1706778  0.0005003 -0.109185 -0.006826 -0.000100 -0.000077  37
2021 02 16 59261  0.050947  0.359275 -0.1711796  0.0005056 -0.109030 -0.006768  0.000025 -0.000026  37
2021 02 17 59262  0.050365  0.360303 -0.1716446  0.0003942 -0.108802 -0.006738  0.000177  0.000034  37
2021 02 18 59263  0.050379  0.361148 -0.1719447  0.0001788 -0.108695 -0.006702  0.000236  0.000084  37
2021 02 19 59264  0.050853  0.362021 -0.1720183  0.0000028 -0.108536 -0.006632  0.000268  0.000123  37
2021 02 20 59265  0.051346  0.363030 -0.1719244 -0.0002136 -0.108403 -0.006599  0.000277  0.000126  37
2021 02 21 59266  0.051322  0.363868 -0.1715958 -0.0004565 -0.108345 -0.006676  0.000267  0.000099  37
2021 02 22 59267  0.050669  0.364577 -0.1710571 -0.0005751 -0.108319 -0.006891  0.000246  0.000055  37
2021 02 23 59268  0.049859  0.365232 -0.1704559 -0.0006339 -0.108299 -0.007212  0.000220  0.000002  37
2021 02 24 59269  0.049501  0.365613 -0.1698329 -0.0005853 -0.108298 -0.007565  0.000197 -0.000055  37
2021 02 25 59270  0.049816  0.366110 -0.1693250 -0.0004027 -0.108326 -0.007826  0.000158 -0.000080  37
2021 02 26 59271  0.050248  0.367129 -0.1690478 -0.0001454 -0.108225 -0.007897  0.000110 -0.000072  37
2021 02 27 59272  0.050415  0.368565 -0.1690439  0.0001362 -0.107849 -0.007757  0.000087 -0.000053  37
2021 02 28 59273  0.050490  0.370234 -0.1693121  0.0003859 -0.107392 -0.007501  0.000095 -0.000032  37
2021 03 01 59274  0.050611  0.371996 -0.1697945  0.0005610 -0.107238 -0.007326  0.000116 -0.000009  37
2021 03 02 59275  0.050667  0.373715 -0.1704041  0.0006507 -0.107509 -0.007358  0.000142  0.000009  37
2021 03 03 59276  0.050670  0.375208 -0.1710458  0.0006157 -0.108019 -0.007544  0.000151 -0.000000  37
2021 03 04 59277  0.051150  0.376525 -0.1715845  0.0004336 -0.108405 -0.007690  0.000159 -0.000016  37
2021 03 05 59278  0.052195  0.377900 -0.1718959  0.0001820 -0.108512 -0.007696  0.000173 -0.000026  37
2021 03 06 59279  0.053337  0.379373 -0.1719603 -0.0000377 -0.108350 -0.007587  0.000217 -0.000004  37
2021 03 07 59280  0.054599  0.380846 -0.1718389 -0.0001898 -0.108099 -0.007490  0.000259  0.000019  37
2021 03 08 59281  0.056138  0.382344 -0.1716016 -0.0002852 -0.107876 -0.007500  0.000257  0.000008  37
2021 03 09 59282  0.057601  0.383867 -0.1713123 -0.0002673 -0.107667 -0.007636  0.000214 -0.000040  37
2021 03 10 59283  0.058713  0.385213 -0.1710924 -0.0001626 -0.107387 -0.007845  0.000195 -0.000080  37
2021 03 11 59284  0.059637  0.386406 -0.1710009 -0.0000211 -0.107187 -0.008057  0.000199 -0.000109  37
2021 03 12 59285  0.060602  0.387774 -0.1710606  0.0001527 -0.107156 -0.008170  0.000215 -0.000123  37
2021 03 13 59286  0.061752  0.389372 -0.1712862  0.0002831 -0.107223 -0.008097  0.000232 -0.000096  37
2021 03 14 59287  0.063035  0.391000 -0.1716062  0.0003486 -0.107260 -0.007912  0.000249 -0.000046  37
2021 03 15 59288  0.064303  0.392547 -0.1719537  0.0003278 -0.107241 -0.007767  0.000264  0.000009  37
2021 03 16 59289  0.065273  0.394211 -0.1722389  0.0002261 -0.107217 -0.007755  0.000275  0.000056  37
2021 03 17 59290  0.065645  0.395915 -0.1723975  0.0000877 -0.107211 -0.007868  0.000270  0.000059  37
2021 03 18 59291  0.065885  0.397446 -0.1724127 -0.0000503 -0.107159 -0.007991  0.000259  0.000043  37
2021 03 19 59292  0.066230  0.398940 -0.1722908 -0.0002035 -0.107082 -0.008087  0.000246  0.000023  37
2021 03 20 59293  0.066651  0.400391 -0.1720256 -0.0003104 -0.107094 -0.008154  0.000221  0.000061  37
2021 03 21 59294  0.067533  0.401839 -0.1716874 -0.0003426 -0.107139 -0.008263  0.000197  0.000126  37
2021 03 22 59295  0.068753  0.403493 -0.1713378 -0.0003643 -0.107022 -0.008404  0.000187  0.000172  37
2021 03 23 59296  0.070033  0.405084 -0.1709782 -0.0003470 -0.106675 -0.008538  0.000202  0.000178  37
2021 03 24 59297  0.071473  0.406515 -0.1706746 -0.0002417 -0.106283 -0.008725  0.000249  0.000119  37
2021 03 25 59298  0.072783  0.407857 -0.1705216 -0.0000519 -0.105934 -0.009101  0.000363 -0.000058  37
2021 03 26 59299  0.073785  0.408985 -0.1705912  0.0001955 -0.106095 -0.009291  0.000288 -0.000028  37
2021 03 27 59300  0.074997  0.409602 -0.1709208  0.0004608 -0.106043 -0.009256  0.000199  0.000045  37
2021 03 28 59301  0.076580  0.409839 -0.1714991  0.0006834 -0.105636 -0.009011  0.000201  0.000051  37
2021 03 29 59302  0.078185  0.410131 -0.1722501  0.0007973 -0.105454 -0.008726  0.000249  0.000025  37
2021 03 30 59303  0.079531  0.410497 -0.1730419  0.0007547 -0.105745 -0.008687  0.000322 -0.000018  37
2021 03 31 59304  0.080661  0.411044 -0.1737240  0.0006069 -0.106181 -0.008923  0.000408 -0.000073  37
2021 04 01 59305  0.081551  0.411739 -0.1742183  0.0003504 -0.106607 -0.009092  0.000375 -0.000032  37
2021 04 02 59306  0.082246  0.412529 -0.1744519  0.0001622 -0.106708 -0.009080  0.000301  0.000039  37
2021 04 03 59307  0.082898  0.413343 -0.1745407  0.0000047 -0.106577 -0.008981  0.000244  0.000091  37
2021 04 04 59308  0.083745  0.413942 -0.1744986 -0.0000678 -0.106494 -0.008916  0.000197  0.000130  37
2021 04 05 59309  0.084862  0.414562 -0.1744406 -0.0000272 -0.106499 -0.008924  0.000163  0.000152  37
2021 04 06 59310  0.085849  0.415612 -0.1744631  0.0000765 -0.106455 -0.008985  0.000145  0.000156  37
2021 04 07 59311  0.086636  0.416801 -0.1746060  0.0002133 -0.106246 -0.009086  0.000146  0.000138  37
2021 04 08 59312  0.087285  0.417784 -0.1748877  0.0003420 -0.105904 -0.009215  0.000182  0.000077  37
2021 04 09 59313  0.087571  0.418809 -0.1752860  0.0004517 -0.105669 -0.009241  0.000227  0.000015  37
2021 04 10 59314  0.087462  0.419874 -0.1757765  0.0005210 -0.105660 -0.009045  0.000259  0.000008  37
2021 04 11 59315  0.087110  0.420729 -0.1763086  0.0005312 -0.105780 -0.008720  0.000278  0.000039  37
2021 04 12 59316  0.086816  0.421369 -0.1768214  0.0004838 -0.105883 -0.008498  0.000284  0.000077  37
2021 04 13 59317  0.086946  0.421874 -0.1772651  0.0003986 -0.105911 -0.008534  0.000276  0.000100  37
2021 04 14 59318  0.087726  0.422456 -0.1776127  0.0002975 -0.105966 -0.008813  0.000218  0.000059  37
2021 04 15 59319  0.088760  0.423239 -0.1778562  0.0001895 -0.105890 -0.009114  0.000193  0.000003  37
2021 04 16 59320  0.090099  0.423818 -0.1779960  0.0001064 -0.105617 -0.009332  0.000267 -0.000042  37
2021 04 17 59321  0.092116  0.424382 -0.1780572  0.0000062 -0.105574 -0.009522  0.000305 -0.000068  37
2021 04 18 59322  0.094190  0.425252 -0.1780146 -0.0001043 -0.105798 -0.009739  0.000263 -0.000077  37
2021 04 19 59323  0.095888  0.426272 -0.1778954 -0.0000907 -0.105931 -0.009912  0.000187 -0.000075  37
2021 04 20 59324  0.097233  0.427573 -0.1778464  0.0000014 -0.105763 -0.009939  0.000109 -0.000070  37
2021 04 21 59325  0.098238  0.428922 -0.1779110  0.0001288 -0.105295 -0.009889  0.000125 -0.000070  37
2021 04 22 59326  0.098994  0.430102 -0.1781256  0.0003087 -0.105026 -0.009961  0.000174 -0.000076  37
2021 04 23 59327  0.099554  0.431146 -0.1785420  0.0005237 -0.104999 -0.010215  0.000223 -0.000090  37
2021 04 24 59328  0.099853  0.432036 -0.1791732  0.0007217 -0.105030 -0.010447  0.000211 -0.000159  37
2021 04 25 59329  0.100029  0.432767 -0.1799836  0.0009007 -0.105012 -0.010354  0.000171 -0.000245  37
2021 04 26 59330  0.100444  0.433359 -0.1809356  0.0009928 -0.105256 -0.010006  0.000140 -0.000308  37
2021 04 27 59331  0.101399  0.433868 -0.1818999  0.0008986 -0.105911 -0.009759  0.000139 -0.000322  37
2021 04 28 59332  0.102680  0.434404 -0.1826840  0.0006490 -0.106413 -0.009704  0.000228 -0.000208  37
2021 04 29 59333  0.104018  0.434849 -0.1831791  0.0003430 -0.106423 -0.009754  0.000325 -0.000075  37
2021 04 30 59334  0.105414  0.435237 -0.1833723  0.0000437 -0.105984 -0.009767  0.000380  0.000011  37
2021 05 01 59335  0.106815  0.435780 -0.1833027 -0.0001543 -0.105588 -0.009782  0.000336  0.000056  37
2021 05 02 59336  0.108226  0.436480 -0.1830908 -0.0002604 -0.105528 -0.009907  0.000222  0.000067  37
2021 05 03 59337  0.109819  0.437429 -0.1828101 -0.0003111 -0.105699 -0.010082  0.000132  0.000047  37
2021 05 04 59338  0.111557  0.438462 -0.1825261 -0.0002126 -0.105778 -0.010167  0.000150  0.000000  37
2021 05 05 59339  0.113336  0.439378 -0.1823901 -0.0000657 -0.105176 -0.010148  0.000414 -0.000075  37
2021 05 06 59340  0.115257  0.440346 -0.1824007  0.0000985 -0.105455 -0.010045  0.000254 -0.000111  37
2021 05 07 59341  0.117089  0.441502 -0.1825646  0.0002146 -0.105576 -0.009861  0.000137 -0.000089  37
2021 05 08 59342  0.118711  0.442595 -0.1828068  0.0002548 -0.105621 -0.009591  0.000126 -0.000057  37
2021 05 09 59343  0.120411  0.443446 -0.1830554  0.0002279 -0.105891 -0.009285  0.000120 -0.000043  37
2021 05 10 59344  0.121987  0.444244 -0.1832543  0.0001701 -0.106180 -0.009116  0.000131 -0.000051  37
2021 05 11 59345  0.123216  0.444893 -0.1833828  0.0000851 -0.106284 -0.009255  0.000155 -0.000089  37
2021 05 12 59346  0.124576  0.445085 -0.1834108 -0.0000387 -0.106160 -0.009672  0.000190 -0.000171  37
2021 05 13 59347  0.126405  0.444957 -0.1833085 -0.0001583 -0.105884 -0.010043  0.000246 -0.000193  37
2021 05 14 59348  0.128369  0.445055 -0.1830978 -0.0002632 -0.105635 -0.010202  0.000316 -0.000149  37
2021 05 15 59349  0.130296  0.445418 -0.1828018 -0.0003164 -0.105696 -0.010243  0.000327 -0.000098  37
2021 05 16 59350  0.132487  0.445809 -0.1824886 -0.0002847 -0.105991 -0.010288  0.000294 -0.000057  37
2021 05 17 59351  0.134858  0.446297 -0.1822341 -0.0002298 -0.106229 -0.010343  0.000251 -0.000029  37
2021 05 18 59352  0.137093  0.446586 -0.1820462 -0.0001493 -0.106170 -0.010326  0.000217 -0.000024  37
2021 05 19 59353  0.139435  0.446455 -0.1819752  0.0000422 -0.105849 -0.010247  0.000214 -0.000054  37
2021 05 20 59354  0.142053  0.446248 -0.1821323  0.0002685 -0.105486 -0.010272  0.000273 -0.000136  37
2021 05 21 59355  0.144504  0.446114 -0.1825053  0.0004571 -0.105516 -0.010450  0.000283 -0.000221  37
2021 05 22 59356  0.146580  0.446126 -0.1830454  0.0006170 -0.105782 -0.010574  0.000253 -0.000254  37
2021 05 23 59357  0.148360  0.446224 -0.1837173  0.0007178 -0.106143 -0.010391  0.000210 -0.000229  37
2021 05 24 59358  0.150048  0.446001 -0.1844309  0.0006797 -0.106746 -0.009961  0.000166 -0.000178  37
2021 05 25 59359  0.151662  0.445556 -0.1850336  0.0005080 -0.107616 -0.009615  0.000131 -0.000125  37
2021 05 26 59360  0.153153  0.445160 -0.1854200  0.0002684 -0.108350 -0.009570  0.000120 -0.000094  37
2021 05 27 59361  0.154602  0.444702 -0.1855514 -0.0000068 -0.108405 -0.009755  0.000170 -0.000151  37
2021 05 28 59362  0.156104  0.444043 -0.1854126 -0.0002754 -0.107873 -0.009925  0.000232 -0.000224  37
2021 05 29 59363  0.157796  0.443391 -0.1850476 -0.0004307 -0.107222 -0.010076  0.000254 -0.000250  37
2021 05 30 59364  0.159455  0.443170 -0.1845987 -0.0004421 -0.106779 -0.010322  0.000245 -0.000238  37
2021 05 31 59365  0.160810  0.442998 -0.1841908 -0.0003699 -0.106691 -0.010560  0.000224 -0.000208  37
2021 06 01 59366  0.162228  0.442538 -0.1838810 -0.0002393 -0.106939 -0.010559  0.000205 -0.000169  37
2021 06 02 59367  0.163451  0.442172 -0.1837133 -0.0000934 -0.107221 -0.010304  0.000225 -0.000151  37
2021 06 03 59368  0.164301  0.441780 -0.1836772  0.0000129 -0.107327 -0.009973  0.000259 -0.000139  37
2021 06 04 59369  0.165305  0.441029 -0.1837151  0.0000575 -0.107259 -0.009729  0.000290 -0.000127  37
2021 06 05 59370  0.166454  0.439950 -0.1837527 -0.0000174 -0.107484 -0.009550  0.000227 -0.000105  37
2021 06 06 59371  0.167454  0.438787 -0.1836725 -0.0001508 -0.108010 -0.009375  0.000142 -0.000081  37
2021 06 07 59372  0.168519  0.437811 -0.1834546 -0.0002658 -0.108525 -0.009269  0.000115 -0.000065  37
2021 06 08 59373  0.170011  0.437053 -0.1831165 -0.0004325 -0.108651 -0.009373  0.000197 -0.000063  37
2021 06 09 59374  0.171658  0.436481 -0.1825950 -0.0006009 -0.107980 -0.009708  0.000503 -0.000079  37
2021 06 10 59375  0.173035  0.436084 -0.1819176 -0.0007533 -0.108456 -0.010128  0.000295 -0.000141  37
2021 06 11 59376  0.174239  0.435717 -0.1811051 -0.0008541 -0.108891 -0.010332  0.000106 -0.000154  37
2021 06 12 59377  0.175395  0.435389 -0.1802184 -0.0009135 -0.108744 -0.010264  0.000189 -0.000101  37
2021 06 13 59378  0.176462  0.435071 -0.1792919 -0.0009473 -0.108539 -0.010109  0.000341 -0.000041  37
2021 06 14 59379  0.177518  0.434799 -0.1783694 -0.0008574 -0.108693 -0.010053  0.000369 -0.000041  37
2021 06 15 59380  0.178442  0.434478 -0.1775844 -0.0007192 -0.109046 -0.010091  0.000281 -0.000097  37
2021 06 16 59381  0.179190  0.433914 -0.1769507 -0.0005413 -0.109130 -0.010110  0.000224 -0.000147  37
2021 06 17 59382  0.180089  0.433076 -0.1765138 -0.0003283 -0.109035 -0.010094  0.000196 -0.000188  37
2021 06 18 59383  0.181581  0.432050 -0.1762898 -0.0001230 -0.109005 -0.010061  0.000184 -0.000217  37
2021 06 19 59384  0.183444  0.431246 -0.1762412  0.0000110 -0.109209 -0.009937  0.000186 -0.000195  37
2021 06 20 59385  0.185262  0.430733 -0.1762658  0.0000095 -0.109702 -0.009688  0.000192 -0.000150  37
2021 06 21 59386  0.186990  0.430319 -0.1762143 -0.0001415 -0.110443 -0.009404  0.000195 -0.000111  37
2021 06 22 59387  0.188644  0.429661 -0.1759578 -0.0003692 -0.111260 -0.009270  0.000187 -0.000095  37
2021 06 23 59388  0.190267  0.428676 -0.1754509 -0.0006469 -0.111985 -0.009413  0.000114 -0.000167  37
2021 06 24 59389  0.192022  0.427528 -0.1746589 -0.0009402 -0.112152 -0.009605  0.000081 -0.000232  37
2021 06 25 59390  0.193850  0.426251 -0.1736007 -0.0011626 -0.111643 -0.009666  0.000169 -0.000227  37
2021 06 26 59391  0.195544  0.424994 -0.1723822 -0.0012538 -0.111028 -0.009743  0.000247 -0.000212  37
2021 06 27 59392  0.197252  0.423983 -0.1711403 -0.0012093 -0.110631 -0.009987  0.000263 -0.000212  37
2021 06 28 59393  0.199055  0.423136 -0.1699918 -0.0010781 -0.110526 -0.010276  0.000246 -0.000215  37
2021 06 29 59394  0.201041  0.421987 -0.1689938 -0.0009118 -0.110789 -0.010345  0.000212 -0.000215  37
2021 06 30 59395  0.203114  0.420672 -0.1681553 -0.0007711 -0.111270 -0.010085  0.000197 -0.000188  37
2021 07 01 59396  0.205025  0.419382 -0.1674274 -0.0006976 -0.111743 -0.009706  0.000189 -0.000150  37
2021 07 02 59397  0.206938  0.418134 -0.1667354 -0.0006981 -0.112030 -0.009452  0.000185 -0.000112  37
2021 07 03 59398  0.209063  0.416939 -0.1660075 -0.0007702 -0.112126 -0.009374  0.000219 -0.000095  37
2021 07 04 59399  0.211305  0.415856 -0.1651774 -0.0009027 -0.112274 -0.009351  0.000269 -0.000091  37
2021 07 05 59400  0.213431  0.414953 -0.1641994 -0.0010545 -0.112550 -0.009320  0.000313 -0.000090  37
2021 07 06 59401  0.215675  0.414039 -0.1630739 -0.0011850 -0.112833 -0.009366  0.000334 -0.000090  37
2021 07 07 59402  0.218072  0.413132 -0.1618281 -0.0013076 -0.113053 -0.009575  0.000321 -0.000086  37
2021 07 08 59403  0.220183  0.412105 -0.1604690 -0.0014021 -0.113297 -0.009876  0.000249 -0.000076  37
2021 07 09 59404  0.221869  0.410743 -0.1590385 -0.0014521 -0.113458 -0.010051  0.000190 -0.000032  37
2021 07 10 59405  0.223642  0.409124 -0.1575896 -0.0014330 -0.113497 -0.010022  0.000171 -0.000001  37
2021 07 11 59406  0.225633  0.407670 -0.1562012 -0.0013248 -0.113461 -0.009865  0.000186 -0.000004  37
2021 07 12 59407  0.227534  0.406549 -0.1549573 -0.0011563 -0.113454 -0.009727  0.000218 -0.000025  37
2021 07 13 59408  0.229297  0.405752 -0.1539000 -0.0009613 -0.113507 -0.009717  0.000252 -0.000056  37
2021 07 14 59409  0.230863  0.405089 -0.1530471 -0.0007440 -0.113612 -0.009792  0.000241 -0.000071  37
2021 07 15 59410  0.232376  0.404161 -0.1524163 -0.0005167 -0.113618 -0.009849  0.000214 -0.000081  37
2021 07 16 59411  0.233965  0.403103 -0.1520002 -0.0003185 -0.113611 -0.009792  0.000187 -0.000091  37
2021 07 17 59412  0.235535  0.402271 -0.1517411 -0.0002212 -0.113806 -0.009604  0.000173 -0.000094  37
2021 07 18 59413  0.236942  0.401477 -0.1515149 -0.0002566 -0.114345 -0.009373  0.000170 -0.000096  37
2021 07 19 59414  0.238376  0.400301 -0.1511969 -0.0003941 -0.115087 -0.009238  0.000173 -0.000101  37
2021 07 20 59415  0.239921  0.398938 -0.1507139 -0.0005691 -0.115701 -0.009286  0.000184 -0.000112  37
2021 07 21 59416  0.241350  0.397618 -0.1500588 -0.0007301 -0.115917 -0.009484  0.000208 -0.000151  37
2021 07 22 59417  0.242528  0.396289 -0.1492656 -0.0008456 -0.115770 -0.009654  0.000234 -0.000194  37
2021 07 23 59418  0.243577  0.394834 -0.1483927 -0.0008915 -0.115488 -0.009705  0.000255 -0.000227  37
2021 07 24 59419  0.244408  0.393390 -0.1475181 -0.0008428 -0.115275 -0.009686  0.000259 -0.000204  37
2021 07 25 59420  0.244589  0.392089 -0.1467313 -0.0007221 -0.115160 -0.009744  0.000247 -0.000150  37
2021 07 26 59421  0.244302  0.390776 -0.1460771 -0.0005935 -0.115153 -0.009862  0.000219 -0.000094  37
2021 07 27 59422  0.244015  0.389168 -0.1455390 -0.0004969 -0.115355 -0.009874  0.000173 -0.000051  37
2021 07 28 59423  0.243997  0.386983 -0.1450840 -0.0004061 -0.115853 -0.009711  0.000104 -0.000040  37
2021 07 29 59424  0.244346  0.384568 -0.1447083 -0.0003417 -0.116384 -0.009496  0.000076 -0.000060  37
2021 07 30 59425  0.245087  0.382529 -0.1443588 -0.0003880 -0.116736 -0.009400  0.000093 -0.000100  37
2021 07 31 59426  0.245998  0.381137 -0.1439161 -0.0005105 -0.116776 -0.009434  0.000174 -0.000134  37
2021 08 01 59427  0.246810  0.380120 -0.1433397 -0.0006337 -0.116674 -0.009480  0.000277 -0.000157  37
2021 08 02 59428  0.247719  0.378971 -0.1426449 -0.0007497 -0.116656 -0.009455  0.000347 -0.000163  37
2021 08 03 59429  0.248600  0.377654 -0.1418309 -0.0008925 -0.116844 -0.009417  0.000338 -0.000148  37
2021 08 04 59430  0.249346  0.376206 -0.1408799 -0.0009890 -0.117401 -0.009480  0.000170 -0.000101  37
2021 08 05 59431  0.250325  0.374704 -0.1398620 -0.0010383 -0.117305 -0.009712  0.000235 -0.000073  37
2021 08 06 59432  0.251480  0.373409 -0.1388132 -0.0010508 -0.116984 -0.009955  0.000353 -0.000050  37
2021 08 07 59433  0.252306  0.372184 -0.1377700 -0.0010341 -0.116774 -0.010023  0.000386 -0.000021  37
2021 08 08 59434  0.252501  0.370915 -0.1367631 -0.0009804 -0.116612 -0.009877  0.000376  0.000005  37
2021 08 09 59435  0.251915  0.369449 -0.1358403 -0.0008521 -0.116568 -0.009649  0.000336  0.000020  37
2021 08 10 59436  0.250924  0.367462 -0.1350783 -0.0006661 -0.116678 -0.009525  0.000279  0.000019  37
2021 08 11 59437  0.250219  0.365292 -0.1345121 -0.0004636 -0.116875 -0.009588  0.000218 -0.000005  37
2021 08 12 59438  0.249886  0.363341 -0.1341287 -0.0003168 -0.117033 -0.009813  0.000176 -0.000109  37
2021 08 13 59439  0.249598  0.361509 -0.1338425 -0.0002817 -0.117192 -0.009935  0.000144 -0.000175  37
2021 08 14 59440  0.249202  0.359744 -0.1335380 -0.0003362 -0.117451 -0.009785  0.000125 -0.000111  37
2021 08 15 59441  0.248742  0.358100 -0.1331398 -0.0004624 -0.117867 -0.009504  0.000119 -0.000005  37
2021 08 16 59442  0.248371  0.356518 -0.1325765 -0.0006857 -0.118329 -0.009371  0.000125 -0.000007  37
2021 08 17 59443  0.248156  0.354904 -0.1317653 -0.0009378 -0.118612 -0.009401  0.000143 -0.000052  37
2021 08 18 59444  0.248015  0.353265 -0.1307259 -0.0011223 -0.118572 -0.009531  0.000172 -0.000117  37
2021 08 19 59445  0.247940  0.351668 -0.1295561 -0.0011962 -0.118254 -0.009623  0.000220 -0.000162  37
2021 08 20 59446  0.247762  0.350043 -0.1283706 -0.0011575 -0.117877 -0.009638  0.000273 -0.000196  37
2021 08 21 59447  0.247335  0.348289 -0.1272723 -0.0010267 -0.117576 -0.009600  0.000334 -0.000200  37
2021 08 22 59448  0.246844  0.346515 -0.1263324 -0.0008521 -0.117390 -0.009574  0.000387 -0.000183  37
2021 08 23 59449  0.246401  0.344515 -0.1255690 -0.0006825 -0.117310 -0.009551  0.000411 -0.000156  37
2021 08 24 59450  0.246057  0.342251 -0.1249614 -0.0005302 -0.117385 -0.009467  0.000387 -0.000131  37
2021 08 25 59451  0.246003  0.340135 -0.1244789 -0.0004470 -0.117978 -0.009332  0.000202 -0.000130  37
2021 08 26 59452  0.246065  0.338287 -0.1240309 -0.0004728 -0.118583 -0.009205  0.000073 -0.000127  37
2021 08 27 59453  0.246085  0.336455 -0.1235138 -0.0005732 -0.118705 -0.009158  0.000157 -0.000105  37
2021 08 28 59454  0.246088  0.334739 -0.1228787 -0.0006993 -0.118686 -0.009168  0.000253 -0.000054  37
2021 08 29 59455  0.246029  0.333210 -0.1221198 -0.0008090 -0.118662 -0.009142  0.000280  0.000017  37
2021 08 30 59456  0.245758  0.331651 -0.1212627 -0.0008972 -0.118625 -0.009051  0.000272  0.000082  37
2021 08 31 59457  0.245071  0.329827 -0.1203249 -0.0009783 -0.118650 -0.008982  0.000250  0.000118  37
2021 09 01 59458  0.244355  0.327833 -0.1193152 -0.0010347 -0.118614 -0.009136  0.000268  0.000037  37
2021 09 02 59459  0.243937  0.325955 -0.1182695 -0.0010495 -0.118496 -0.009466  0.000293 -0.000089  37
2021 09 03 59460  0.243869  0.324198 -0.1172365 -0.0010057 -0.118254 -0.009819  0.000309 -0.000218  37
2021 09 04 59461  0.243819  0.322736 -0.1162805 -0.0009020 -0.118212 -0.009956  0.000207 -0.000263  37
2021 09 05 59462  0.243255  0.321176 -0.1154672 -0.0007023 -0.118324 -0.009831  0.000056 -0.000249  37
2021 09 06 59463  0.242275  0.319272 -0.1148896 -0.0004442 -0.118480 -0.009548 -0.000062 -0.000208  37
2021 09 07 59464  0.241155  0.317274 -0.1145667 -0.0002255 -0.118552 -0.009274 -0.000102 -0.000150  37
2021 09 08 59465  0.240222  0.315404 -0.1144328 -0.0000480 -0.118386 -0.009154 -0.000016 -0.000085  37
2021 09 09 59466  0.239564  0.313688 -0.1144430  0.0000478 -0.117729 -0.009210  0.000296 -0.000015  37
2021 09 10 59467  0.239124  0.311997 -0.1144996  0.0000692 -0.117951 -0.009435  0.000288 -0.000046  37
2021 09 11 59468  0.238955  0.310438 -0.1145211 -0.0000579 -0.118443 -0.009587  0.000191 -0.000094  37
2021 09 12 59469  0.239055  0.309213 -0.1143486 -0.0003098 -0.118720 -0.009542  0.000170 -0.000113  37
2021 09 13 59470  0.238923  0.308178 -0.1139080 -0.0005532 -0.118832 -0.009378  0.000181 -0.000118  37
2021 09 14 59471  0.238099  0.306836 -0.1132502 -0.0007638 -0.118782 -0.009220  0.000211 -0.000117  37
2021 09 15 59472  0.236813  0.305460 -0.1124218 -0.0008707 -0.118628 -0.009149  0.000233 -0.000130  37
2021 09 16 59473  0.235275  0.304146 -0.1115561 -0.0008342 -0.118372 -0.009140  0.000253 -0.000142  37
2021 09 17 59474  0.234117  0.302458 -0.1107893 -0.0006718 -0.118065 -0.009152  0.000271 -0.000149  37
2021 09 18 59475  0.233200  0.300677 -0.1102118 -0.0004968 -0.117813 -0.009131  0.000278 -0.000120  37
2021 09 19 59476  0.231963  0.298945 -0.1097975 -0.0003420 -0.117687 -0.009064  0.000273 -0.000077  37
2021 09 20 59477  0.230960  0.297069 -0.1095283 -0.0001926 -0.117680 -0.008927  0.000259 -0.000044  37
2021 09 21 59478  0.230478  0.295190 -0.1093888 -0.0001042 -0.117735 -0.008722  0.000233 -0.000034  37
2021 09 22 59479  0.230230  0.293451 -0.1093014 -0.0000793 -0.117898 -0.008589  0.000170 -0.000107  37
2021 09 23 59480  0.229754  0.291944 -0.1092121 -0.0001086 -0.118047 -0.008536  0.000136 -0.000150  37
2021 09 24 59481  0.229067  0.290726 -0.1090747 -0.0001543 -0.118058 -0.008532  0.000186 -0.000080  37
2021 09 25 59482  0.228141  0.289691 -0.1088718 -0.0002722 -0.118058 -0.008634  0.000225 -0.000032  37
2021 09 26 59483  0.226707  0.288532 -0.1085208 -0.0004419 -0.117982 -0.008738  0.000232 -0.000033  37
2021 09 27 59484  0.224993  0.286892 -0.1080068 -0.0005613 -0.117828 -0.008778  0.000226 -0.000058  37
2021 09 28 59485  0.223250  0.285094 -0.1073984 -0.0006575 -0.117716 -0.008815  0.000216 -0.000091  37
2021 09 29 59486  0.221732  0.283225 -0.1067050 -0.0007233 -0.117597 -0.008891  0.000233 -0.000092  37
2021 09 30 59487  0.220685  0.281364 -0.1059719 -0.0007325 -0.117350 -0.009004  0.000258 -0.000085  37
2021 10 01 59488  0.219967  0.279809 -0.1052637 -0.0006742 -0.116881 -0.009062  0.000283 -0.000081  37
2021 10 02 59489  0.219234  0.278460 -0.1046525 -0.0005363 -0.116317 -0.009019  0.000319 -0.000108  37
2021 10 03 59490  0.218068  0.277405 -0.1042205 -0.0003160 -0.115987 -0.008873  0.000349 -0.000146  37
2021 10 04 59491  0.216513  0.276362 -0.1040407 -0.0000366 -0.116014 -0.008666  0.000354 -0.000176  37
2021 10 05 59492  0.214852  0.275303 -0.1041470  0.0002433 -0.116259 -0.008448  0.000320 -0.000185  37
2021 10 06 59493  0.212875  0.274054 -0.1045055  0.0004618 -0.116749 -0.008250  0.000173 -0.000117  37
2021 10 07 59494  0.210740  0.272280 -0.1050245  0.0005582 -0.117134 -0.008264  0.000050 -0.000068  37
2021 10 08 59495  0.208782  0.270390 -0.1055583  0.0004747 -0.117216 -0.008530  0.000043 -0.000103  37
2021 10 09 59496  0.207046  0.268639 -0.1059323  0.0002528 -0.117142 -0.008764  0.000083 -0.000130  37
2021 10 10 59497  0.205597  0.267116 -0.1060565 -0.0000011 -0.116992 -0.008739  0.000128 -0.000110  37
2021 10 11 59498  0.204294  0.265980 -0.1059487 -0.0001924 -0.116815 -0.008499  0.000176 -0.000071  37
2021 10 12 59499  0.202912  0.265380 -0.1056952 -0.0002960 -0.116669 -0.008254  0.000217 -0.000027  37
2021 10 13 59500  0.201338  0.265040 -0.1053787 -0.0003340 -0.116547 -0.008156  0.000243  0.000005  37
2021 10 14 59501  0.199459  0.264520 -0.1050598 -0.0002947 -0.116446 -0.008216  0.000231 -0.000014  37
2021 10 15 59502  0.197127  0.264003 -0.1048187 -0.0001775 -0.116266 -0.008308  0.000208 -0.000045  37
2021 10 16 59503  0.194659  0.263364 -0.1047205 -0.0000143 -0.116004 -0.008346  0.000193 -0.000054  37
2021 10 17 59504  0.192491  0.262721 -0.1047904  0.0001524 -0.115774 -0.008306  0.000187 -0.000048  37
2021 10 18 59505  0.190371  0.262041 -0.1050118  0.0002848 -0.115665 -0.008156  0.000187 -0.000039  37
2021 10 19 59506  0.188461  0.261131 -0.1053340  0.0003449 -0.115638 -0.007891  0.000192 -0.000037  37
2021 10 20 59507  0.187006  0.260359 -0.1056772  0.0003309 -0.115586 -0.007648  0.000204 -0.000076  37
2021 10 21 59508  0.185922  0.259649 -0.1059731  0.0002519 -0.115491 -0.007561  0.000220 -0.000126  37
2021 10 22 59509  0.185066  0.258909 -0.1061629  0.0001379 -0.115393 -0.007691  0.000236 -0.000165  37
2021 10 23 59510  0.183886  0.258044 -0.1062043 -0.0001010 -0.115301 -0.007886  0.000247 -0.000144  37
2021 10 24 59511  0.182249  0.256849 -0.1059773 -0.0003560 -0.115159 -0.007996  0.000254 -0.000087  37
2021 10 25 59512  0.180780  0.255764 -0.1055442 -0.0004547 -0.114979 -0.007986  0.000256 -0.000027  37
2021 10 26 59513  0.179364  0.255126 -0.1050713 -0.0004939 -0.114859 -0.007956  0.000252  0.000021  37
2021 10 27 59514  0.177399  0.254641 -0.1045758 -0.0004884 -0.114814 -0.008035  0.000238  0.000000  37
2021 10 28 59515  0.175039  0.254167 -0.1041190 -0.0004119 -0.114654 -0.008125  0.000219 -0.000048  37
2021 10 29 59516  0.172954  0.253709 -0.1037748 -0.0002674 -0.114243 -0.008088  0.000201 -0.000100  37
2021 10 30 59517  0.171131  0.253412 -0.1036092 -0.0000546 -0.113724 -0.007878  0.000207 -0.000115  37
2021 10 31 59518  0.169169  0.253045 -0.1036889  0.0002272 -0.113480 -0.007636  0.000224 -0.000105  37
2021 11 01 59519  0.167193  0.252554 -0.1040655  0.0005261 -0.113620 -0.007461  0.000241 -0.000085  37
2021 11 02 59520  0.165533  0.251961 -0.1047162  0.0007575 -0.113893 -0.007293  0.000249 -0.000061  37
2021 11 03 59521  0.164372  0.251171 -0.1055344  0.0008485 -0.114092 -0.007085  0.000243 -0.000038  37
2021 11 04 59522  0.163241  0.250430 -0.1063594  0.0007710 -0.114290 -0.006967  0.000193 -0.000026  37
2021 11 05 59523  0.161409  0.249802 -0.1070302  0.0005533 -0.114395 -0.007067  0.000144 -0.000021  37
2021 11 06 59524  0.158942  0.249266 -0.1074347  0.0002373 -0.114177 -0.007272  0.000152 -0.000033  37
2021 11 07 59525  0.156495  0.248706 -0.1075215 -0.0000486 -0.113722 -0.007310  0.000203 -0.000056  37
2021 11 08 59526  0.154401  0.248074 -0.1073828 -0.0001841 -0.113340 -0.007138  0.000267 -0.000081  37
2021 11 09 59527  0.152524  0.247554 -0.1071790 -0.0002168 -0.113196 -0.007006  0.000324 -0.000100  37
2021 11 10 59528  0.150838  0.247128 -0.1069878 -0.0001510 -0.113302 -0.007066  0.000313 -0.000087  37
2021 11 11 59529  0.149527  0.246789 -0.1069071  0.0000021 -0.113376 -0.007218  0.000276 -0.000064  37
2021 11 12 59530  0.148494  0.246600 -0.1070006  0.0001917 -0.113340 -0.007252  0.000234 -0.000041  37
2021 11 13 59531  0.147690  0.246490 -0.1072694  0.0003323 -0.113187 -0.007157  0.000219 -0.000053  37
2021 11 14 59532  0.146968  0.246422 -0.1076332  0.0003694 -0.113016 -0.007022  0.000221 -0.000080  37
2021 11 15 59533  0.145689  0.246302 -0.1079871  0.0003176 -0.112916 -0.006880  0.000229 -0.000105  37
2021 11 16 59534  0.143580  0.245965 -0.1082655  0.0002445 -0.112906 -0.006686  0.000240 -0.000117  37
2021 11 17 59535  0.141479  0.245399 -0.1084622  0.0001474 -0.112899 -0.006406  0.000254 -0.000072  37
2021 11 18 59536  0.139790  0.245130 -0.1085420  0.0000046 -0.112827 -0.006211  0.000262 -0.000010  37
2021 11 19 59537  0.137809  0.245216 -0.1084600 -0.0001774 -0.112708 -0.006242  0.000256  0.000043  37
2021 11 20 59538  0.135519  0.245352 -0.1081937 -0.0003512 -0.112885 -0.006499  0.000123  0.000029  37
2021 11 21 59539  0.133471  0.245950 -0.1077761 -0.0004668 -0.113161 -0.006769 -0.000043 -0.000025  37
2021 11 22 59540  0.131607  0.246831 -0.1072749 -0.0005223 -0.113279 -0.006909 -0.000140 -0.000087  37
2021 11 23 59541  0.129661  0.247234 -0.1067440 -0.0005265 -0.113076 -0.006969 -0.000101 -0.000141  37
2021 11 24 59542  0.127890  0.247277 -0.1062251 -0.0005294 -0.112256 -0.007032  0.000183 -0.000176  37
2021 11 25 59543  0.126598  0.247719 -0.1057283 -0.0004389 -0.111948 -0.006992  0.000223 -0.000115  37
2021 11 26 59544  0.125316  0.248393 -0.1053799 -0.0002315 -0.111333 -0.006738  0.000318  0.000040  37
2021 11 27 59545  0.123921  0.249174 -0.1052711  0.0000187 -0.110753 -0.006438  0.000388  0.000124  37
2021 11 28 59546  0.122488  0.250104 -0.1054076  0.0002372 -0.110708 -0.006297  0.000344  0.000088  37
2021 11 29 59547  0.120964  0.250811 -0.1057407  0.0004158 -0.111065 -0.006352  0.000264 -0.000004  37
2021 11 30 59548  0.119459  0.251428 -0.1062295  0.0005604 -0.111474 -0.006427  0.000199 -0.000111  37
2021 12 01 59549  0.117919  0.252163 -0.1068185  0.0005864 -0.111648 -0.006302  0.000214 -0.000186  37
2021 12 02 59550  0.116606  0.253102 -0.1073656  0.0005015 -0.111852 -0.006030  0.000243 -0.000188  37
2021 12 03 59551  0.115202  0.254063 -0.1077703  0.0002831 -0.112115 -0.005897  0.000268 -0.000132  37
2021 12 04 59552  0.113585  0.254444 -0.1079125 -0.0000132 -0.112169 -0.006024  0.000277 -0.000099  37
2021 12 05 59553  0.112207  0.254610 -0.1077792 -0.0002229 -0.111864 -0.006137  0.000274 -0.000092  37
2021 12 06 59554  0.110897  0.255094 -0.1075132 -0.0002713 -0.111458 -0.006060  0.000263 -0.000095  37
2021 12 07 59555  0.109120  0.255676 -0.1072690 -0.0002046 -0.111253 -0.005989  0.000249 -0.000103  37
2021 12 08 59556  0.106648  0.256285 -0.1071321 -0.0000680 -0.111213 -0.006129  0.000234 -0.000111  37
2021 12 09 59557  0.103993  0.256746 -0.1071586  0.0001392 -0.111169 -0.006340  0.000222 -0.000118  37
2021 12 10 59558  0.101356  0.257078 -0.1073943  0.0003158 -0.111121 -0.006318  0.000215 -0.000125  37
2021 12 11 59559  0.098402  0.257336 -0.1077685  0.0004213 -0.111034 -0.005999  0.000259 -0.000112  37
2021 12 12 59560  0.095293  0.257383 -0.1082059  0.0004298 -0.110982 -0.005642  0.000315 -0.000094  37
2021 12 13 59561  0.092590  0.257482 -0.1086131  0.0003760 -0.111002 -0.005461  0.000340 -0.000086  37
2021 12 14 59562  0.090264  0.258090 -0.1089501  0.0003035 -0.111167 -0.005424  0.000307 -0.000097  37
2021 12 15 59563  0.087842  0.258948 -0.1092000  0.0001855 -0.111570 -0.005423  0.000175 -0.000141  37
2021 12 16 59564  0.085314  0.259759 -0.1093115  0.0000344 -0.111673 -0.005403  0.000123 -0.000155  37
2021 12 17 59565  0.082639  0.260672 -0.1092658 -0.0001269 -0.111410 -0.005469  0.000164 -0.000135  37
2021 12 18 59566  0.080285  0.261281 -0.1090658 -0.0002692 -0.111104 -0.005676  0.000203 -0.000113  37
2021 12 19 59567  0.078738  0.261751 -0.1087476 -0.0003453 -0.110890 -0.005895  0.000228 -0.000093  37
2021 12 20 59568  0.077284  0.262564 -0.1083816 -0.0003811 -0.110741 -0.005987  0.000248 -0.000073  37
2021 12 21 59569  0.075342  0.263455 -0.1079935 -0.0004046 -0.110582 -0.005965  0.000257 -0.000058  37
2021 12 22 59570  0.073106  0.264280 -0.1076084 -0.0003496 -0.110396 -0.005939  0.000240 -0.000050  37
2021 12 23 59571  0.070891  0.265206 -0.1073307 -0.0001776 -0.110159 -0.005948  0.000216 -0.000052  37
2021 12 24 59572  0.068533  0.266485 -0.1072613  0.0000431 -0.109823 -0.005962  0.000222 -0.000093  37
2021 12 25 59573  0.066148  0.267807 -0.1074134  0.0002500 -0.109486 -0.005938  0.000248 -0.000162  37
2021 12 26 59574  0.064276  0.269011 -0.1077615  0.0004452 -0.109296 -0.005931  0.000275 -0.000236  37
2021 12 27 59575  0.062736  0.270366 -0.1082872  0.0005927 -0.109304 -0.005996  0.000291 -0.000300  37
2021 12 28 59576  0.061049  0.271909 -0.1089198  0.0006559 -0.109458 -0.006028  0.000283 -0.000340  37
2021 12 29 59577  0.059232  0.273449 -0.1095617  0.0006103 -0.109846 -0.005839  0.000215 -0.000317  37
2021 12 30 59578  0.057719  0.274735 -0.1100995  0.0004468 -0.110501 -0.005523  0.000134 -0.000272  37
2021 12 31 59579  0.056248  0.275927 -0.1104294  0.0002061 -0.111301 -0.005378  0.000084 -0.000240  37
2022 01 01 59580  0.054651  0.276982 -0.1105073 -0.0000314 -0.111883 -0.005535  0.000066 -0.000221  37
2022 01 02 59581  0.053421  0.277921 -0.1103808 -0.0002175 -0.111904 -0.005779  0.000067 -0.000208  37
2022 01 03 59582  0.052959  0.279062 -0.1101259 -0.0002629 -0.111434 -0.005865  0.000082 -0.000200  37
2022 01 04 59583  0.053255  0.280692 -0.1099060 -0.0001505 -0.110827 -0.005850  0.000106 -0.000194  37
2022 01 05 59584  0.053444  0.282876 -0.1098521  0.0000528 -0.110307 -0.005919  0.000132 -0.000189  37
2022 01 06 59585  0.052911  0.285027 -0.1100113  0.0002599 -0.109913 -0.006025  0.000160 -0.000183  37
2022 01 07 59586  0.051783  0.286925 -0.1103513  0.0004075 -0.109729 -0.005921  0.000188 -0.000173  37
2022 01 08 59587  0.050229  0.288649 -0.1107928  0.0004538 -0.109778 -0.005527  0.000236 -0.000135  37
2022 01 09 59588  0.048613  0.290181 -0.1112319  0.0004076 -0.109997 -0.005115  0.000282 -0.000087  37
2022 01 10 59589  0.047137  0.291459 -0.1115940  0.0003191 -0.110244 -0.004962  0.000300 -0.000053  37
2022 01 11 59590  0.045606  0.292549 -0.1118477  0.0001747 -0.110488 -0.005066  0.000275 -0.000046  37
2022 01 12 59591  0.044270  0.293457 -0.1119359 -0.0000014 -0.111052 -0.005304  0.000085 -0.000143  37
2022 01 13 59592  0.043407  0.294418 -0.1118463 -0.0001679 -0.111286 -0.005432 -0.000029 -0.000206  37
2022 01 14 59593  0.043166  0.295863 -0.1115942 -0.0003399 -0.110704 -0.005427  0.000117 -0.000133  37
2022 01 15 59594  0.043044  0.297850 -0.1111728 -0.0005049 -0.110087 -0.005521  0.000248 -0.000060  37
2022 01 16 59595  0.042450  0.299831 -0.1106106 -0.0005977 -0.109867 -0.005732  0.000257 -0.000043  37
2022 01 17 59596  0.041424  0.301470 -0.1099935 -0.0006299 -0.109891 -0.005898  0.000211 -0.000061  37
2022 01 18 59597  0.039917  0.302907 -0.1093731 -0.0006103 -0.109913 -0.005940  0.000151 -0.000103  37
2022 01 19 59598  0.038526  0.303982 -0.1088143 -0.0004822 -0.109721 -0.005911  0.000119 -0.000160  37
2022 01 20 59599  0.037836  0.305066 -0.1084331 -0.0002610 -0.109251 -0.005912  0.000170 -0.000226  37
2022 01 21 59600  0.037447  0.306204 -0.1082893 -0.0000229 -0.108915 -0.005893  0.000200 -0.000218  37
2022 01 22 59601  0.036918  0.307320 -0.1083574  0.0001250 -0.108786 -0.005938  0.000206 -0.000249  37
2022 01 23 59602  0.035925  0.308652 -0.1085297  0.0002054 -0.108806 -0.006021  0.000195 -0.000324  37
2022 01 24 59603  0.034433  0.310094 -0.1087616  0.0002618 -0.108945 -0.006021  0.000164 -0.000335  37
2022 01 25 59604  0.032744  0.311503 -0.1090219  0.0002418 -0.109207 -0.005821  0.000113 -0.000188  37
2022 01 26 59605  0.031347  0.312796 -0.1092136  0.0001214 -0.109648 -0.005254  0.000034  0.000262  37
2022 01 27 59606  0.030234  0.314139 -0.1092537 -0.0000281 -0.109996 -0.005099  0.000046  0.000291  37
2022 01 28 59607  0.029170  0.315635 -0.1091351 -0.0002147 -0.110233 -0.005495  0.000141 -0.000099  37
2022 01 29 59608  0.028335  0.317179 -0.1088260 -0.0003994 -0.110529 -0.005909  0.000181 -0.000309  37
2022 01 30 59609  0.027549  0.318983 -0.1083629 -0.0005163 -0.110644 -0.006207  0.000174 -0.000338  37
2022 01 31 59610  0.026669  0.320951 -0.1078401 -0.0005151 -0.110440 -0.006325  0.000158 -0.000303  37
2022 02 01 59611  0.026121  0.323071 -0.1073883 -0.0003559 -0.110020 -0.006285  0.000151 -0.000234  37
2022 02 02 59612  0.025846  0.325440 -0.1071441 -0.0001267 -0.109373 -0.006233  0.000220 -0.000153  37
2022 02 03 59613  0.025668  0.327732 -0.1071182  0.0000529 -0.108878 -0.006241  0.000260 -0.000108  37
2022 02 04 59614  0.025787  0.329961 -0.1072325  0.0001668 -0.108867 -0.006238  0.000197 -0.000149  37
2022 02 05 59615  0.025780  0.332108 -0.1074224  0.0002035 -0.109165 -0.006065  0.000139 -0.000167  37
2022 02 06 59616  0.025695  0.333914 -0.1076025  0.0001376 -0.109575 -0.005836  0.000129 -0.000126  37
2022 02 07 59617  0.025687  0.335620 -0.1076739 -0.0000047 -0.109940 -0.005768  0.000145 -0.000062  37
2022 02 08 59618  0.025131  0.337270 -0.1075794 -0.0001873 -0.110142 -0.005881  0.000174  0.000002  37
2022 02 09 59619  0.024101  0.338495 -0.1072911 -0.0003925 -0.110218 -0.006076  0.000180 -0.000006  37
2022 02 10 59620  0.022877  0.339526 -0.1067966 -0.0005945 -0.110094 -0.006190  0.000181 -0.000042  37
2022 02 11 59621  0.021310  0.340644 -0.1061135 -0.0007723 -0.109750 -0.006257  0.000184 -0.000084  37
2022 02 12 59622  0.019564  0.341916 -0.1052855 -0.0008653 -0.109289 -0.006387  0.000196 -0.000109  37
2022 02 13 59623  0.018085  0.343121 -0.1044205 -0.0008345 -0.108924 -0.006612  0.000211 -0.000123  37
2022 02 14 59624  0.017263  0.344344 -0.1036358 -0.0007222 -0.108753 -0.006820  0.000225 -0.000134  37
2022 02 15 59625  0.016802  0.345874 -0.1029889 -0.0005724 -0.108670 -0.006881  0.000235 -0.000144  37
2022 02 16 59626  0.016413  0.347675 -0.1025126 -0.0003737 -0.108537 -0.006798  0.000235 -0.000163  37
2022 02 17 59627  0.016176  0.350002 -0.1022588 -0.0001252 -0.108342 -0.006666  0.000228 -0.000173  37
2022 02 18 59628  0.015932  0.352479 -0.1022607  0.0001316 -0.108211 -0.006590  0.000216 -0.000164  37
2022 02 19 59629  0.015997  0.354926 -0.1024919  0.0003072 -0.108237 -0.006603  0.000200 -0.000139  37
2022 02 20 59630  0.016148  0.357311 -0.1028423  0.0003647 -0.108397 -0.006650  0.000182 -0.000106  37
2022 02 21 59631  0.016261  0.359414 -0.1032020  0.0003516 -0.108629 -0.006659  0.000165 -0.000074  37
2022 02 22 59632  0.016685  0.361221 -0.1035137  0.0002601 -0.108899 -0.006608  0.000152 -0.000052  37
2022 02 23 59633  0.017573  0.362787 -0.1036950  0.0000946 -0.109141 -0.006570  0.000152 -0.000072  37
2022 02 24 59634  0.018439  0.364320 -0.1036881 -0.0001103 -0.109287 -0.006593  0.000158 -0.000108  37
2022 02 25 59635  0.018990  0.365760 -0.1034784 -0.0003054 -0.109263 -0.006713  0.000165 -0.000143  37
2022 02 26 59636  0.019616  0.367219 -0.1031068 -0.0004204 -0.109087 -0.006886  0.000164 -0.000148  37
2022 02 27 59637  0.020219  0.368844 -0.1026793 -0.0004135 -0.108834 -0.007039  0.000158 -0.000134  37
2022 02 28 59638  0.020627  0.370615 -0.1023211 -0.0002849 -0.108604 -0.007111  0.000152 -0.000112  37
2022 03 01 59639  0.020922  0.372306 -0.1021369 -0.0000768 -0.108441 -0.007115  0.000148 -0.000088  37
2022 03 02 59640  0.021825  0.374058 -0.1021761  0.0001557 -0.108294 -0.007121  0.000152 -0.000072  37
2022 03 03 59641  0.023321  0.376250 -0.1024315  0.0003453 -0.108138 -0.007149  0.000160 -0.000060  37
2022 03 04 59642  0.024985  0.378452 -0.1028301  0.0004343 -0.108020 -0.007157  0.000169 -0.000051  37
2022 03 05 59643  0.026681  0.380528 -0.1032554  0.0003903 -0.108052 -0.007129  0.000172 -0.000049  37
2022 03 06 59644  0.028125  0.382637 -0.1035814  0.0002491 -0.108269 -0.007124  0.000173 -0.000051  37
2022 03 07 59645  0.029536  0.384747 -0.1037355  0.0000547 -0.108583 -0.007210  0.000175 -0.000055  37
2022 03 08 59646  0.030979  0.386690 -0.1036800 -0.0001730 -0.108842 -0.007362  0.000181 -0.000059  37
2022 03 09 59647  0.032196  0.388516 -0.1033971 -0.0003888 -0.108886 -0.007476  0.000200 -0.000061  37
2022 03 10 59648  0.033068  0.390309 -0.1029222 -0.0005464 -0.108667 -0.007504  0.000223 -0.000061  37
2022 03 11 59649  0.033697  0.392077 -0.1023252 -0.0006296 -0.108207 -0.007513  0.000244 -0.000059  37
2022 03 12 59650  0.034151  0.393692 -0.1016765 -0.0006583 -0.107644 -0.007609  0.000252 -0.000049  37
2022 03 13 59651  0.034407  0.395180 -0.1010214 -0.0006503 -0.107158 -0.007822  0.000251 -0.000036  37
2022 03 14 59652  0.034355  0.396659 -0.1003996 -0.0005866 -0.106897 -0.008059  0.000243 -0.000029  37
2022 03 15 59653  0.034235  0.398047 -0.0998785 -0.0004402 -0.106880 -0.008190  0.000230 -0.000032  37
2022 03 16 59654  0.033954  0.399568 -0.0995402 -0.0002261 -0.106991 -0.008186  0.000211 -0.000068  37
2022 03 17 59655  0.033443  0.401249 -0.0994318  0.0000086 -0.107078 -0.008087  0.000189 -0.000116  37
2022 03 18 59656  0.033100  0.402882 -0.0995463  0.0002063 -0.107094 -0.007990  0.000169 -0.000162  37
2022 03 19 59657  0.032953  0.404427 -0.0998254  0.0003405 -0.107000 -0.007971  0.000203 -0.000202  37
2022 03 20 59658  0.033036  0.405968 -0.1001934  0.0003811 -0.107010 -0.008036  0.000258 -0.000225  37
2022 03 21 59659  0.033397  0.407426 -0.1005440  0.0002991 -0.107242 -0.008130  0.000293 -0.000220  37
2022 03 22 59660  0.034291  0.408886 -0.1007593  0.0001202 -0.107627 -0.008179  0.000287 -0.000176  37
2022 03 23 59661  0.035755  0.410726 -0.1007694 -0.0001016 -0.108041 -0.008138  0.000215 -0.000083  37
2022 03 24 59662  0.037206  0.412809 -0.1005623 -0.0003063 -0.108511 -0.007978  0.000018  0.000105  37
2022 03 25 59663  0.038308  0.414905 -0.1001860 -0.0004273 -0.107970 -0.008169  0.000114 -0.000041  37
2022 03 26 59664  0.039263  0.416878 -0.0997460 -0.0004270 -0.107131 -0.008412  0.000263 -0.000214  37
2022 03 27 59665  0.040356  0.418566 -0.0993594 -0.0003348 -0.106535 -0.008511  0.000310 -0.000236  37
2022 03 28 59666  0.041632  0.420168 -0.0990952 -0.0001967 -0.106200 -0.008520  0.000308 -0.000185  37
2022 03 29 59667  0.042725  0.421679 -0.0989839 -0.0000194 -0.106152 -0.008469  0.000275 -0.000100  37
2022 03 30 59668  0.043392  0.423114 -0.0990485  0.0001330 -0.106268 -0.008443  0.000250 -0.000071  37
2022 03 31 59669  0.043546  0.424847 -0.0992395  0.0002393 -0.106459 -0.008389  0.000226 -0.000059  37
2022 04 01 59670  0.043348  0.426888 -0.0995121  0.0003098 -0.106605 -0.008305  0.000201 -0.000046  37
2022 04 02 59671  0.043556  0.428900 -0.0998212  0.0002969 -0.106632 -0.008237  0.000195 -0.000030  37
2022 04 03 59672  0.044378  0.431025 -0.1000635  0.0001637 -0.106647 -0.008254  0.000201 -0.000014  37
2022 04 04 59673  0.045120  0.433553 -0.1001281 -0.0000462 -0.106751 -0.008367  0.000211 -0.000002  37
2022 04 05 59674  0.045585  0.436130 -0.0999706 -0.0002691 -0.106910 -0.008503  0.000221  0.000002  37
2022 04 06 59675  0.046362  0.438285 -0.0996043 -0.0004565 -0.107015 -0.008596  0.000220 -0.000015  37
2022 04 07 59676  0.047724  0.440087 -0.0990850 -0.0005617 -0.106943 -0.008638  0.000218 -0.000041  37
2022 04 08 59677  0.049458  0.441807 -0.0985045 -0.0005842 -0.106668 -0.008718  0.000218 -0.000066  37
2022 04 09 59678  0.051224  0.443585 -0.0979388 -0.0005182 -0.106191 -0.008888  0.000240 -0.000066  37
2022 04 10 59679  0.052567  0.445328 -0.0974558 -0.0004593 -0.105610 -0.009132  0.000272 -0.000054  37
2022 04 11 59680  0.053458  0.447081 -0.0970164 -0.0004658 -0.105108 -0.009358  0.000302 -0.000044  37
2022 04 12 59681  0.054296  0.449042 -0.0966030 -0.0002955 -0.104896 -0.009494  0.000324 -0.000041  37
2022 04 13 59682  0.055337  0.451062 -0.0964409 -0.0000199 -0.105062 -0.009545  0.000323 -0.000064  37
2022 04 14 59683  0.056532  0.452864 -0.0965581  0.0002448 -0.105373 -0.009501  0.000312 -0.000095  37
2022 04 15 59684  0.057880  0.454481 -0.0969131  0.0004497 -0.105482 -0.009321  0.000329 -0.000097  37
2022 04 16 59685  0.059435  0.456160 -0.0974276  0.0005607 -0.105435 -0.009058  0.000365 -0.000073  37
2022 04 17 59686  0.061304  0.457786 -0.0979965  0.0005661 -0.105550 -0.008867  0.000395 -0.000041  37
2022 04 18 59687  0.063719  0.459301 -0.0985094  0.0004425 -0.105983 -0.008878  0.000405 -0.000011  37
2022 04 19 59688  0.066166  0.460799 -0.0988401  0.0002029 -0.106534 -0.009068  0.000379  0.000008  37
2022 04 20 59689  0.068313  0.462012 -0.0989022 -0.0000882 -0.106901 -0.009284  0.000303  0.000007  37
2022 04 21 59690  0.070482  0.463058 -0.0986934 -0.0003037 -0.107119 -0.009421  0.000128 -0.000025  37
2022 04 22 59691  0.072763  0.464082 -0.0983255 -0.0004311 -0.106464 -0.009496  0.000219 -0.000083  37
2022 04 23 59692  0.075234  0.465104 -0.0978951 -0.0003781 -0.105740 -0.009545  0.000345 -0.000123  37
2022 04 24 59693  0.077884  0.466316 -0.0975804 -0.0002384 -0.105362 -0.009587  0.000372 -0.000131  37
2022 04 25 59694  0.080492  0.467956 -0.0973900 -0.0002149 -0.105166 -0.009619  0.000352 -0.000121  37
2022 04 26 59695  0.082822  0.469870 -0.0972121 -0.0000858 -0.105099 -0.009613  0.000312 -0.000107  37
2022 04 27 59696  0.084843  0.471495 -0.0972074  0.0000705 -0.105080 -0.009562  0.000313 -0.000120  37
2022 04 28 59697  0.086489  0.472753 -0.0973270  0.0001527 -0.105211 -0.009415  0.000325 -0.000141  37
2022 04 29 59698  0.087977  0.473554 -0.0974883  0.0001741 -0.105409 -0.009199  0.000336 -0.000157  37
2022 04 30 59699  0.089733  0.474085 -0.0976226  0.0000462 -0.105649 -0.009014  0.000293 -0.000144  37
2022 05 01 59700  0.091708  0.474658 -0.0975847 -0.0001270 -0.105814 -0.008995  0.000232 -0.000112  37
2022 05 02 59701  0.093642  0.475359 -0.0974023 -0.0001863 -0.105902 -0.009161  0.000191 -0.000074  37
2022 05 03 59702  0.095587  0.476136 -0.0971931 -0.0002309 -0.105930 -0.009377  0.000197 -0.000035  37
2022 05 04 59703  0.097692  0.476946 -0.0969144 -0.0003595 -0.105813 -0.009500  0.000271 -0.000002  37
2022 05 05 59704  0.099822  0.477979 -0.0964993 -0.0004525 -0.105336 -0.009529  0.000478  0.000021  37
2022 05 06 59705  0.101700  0.478860 -0.0960302 -0.0004755 -0.105604 -0.009595  0.000371  0.000026  37
2022 05 07 59706  0.103415  0.479481 -0.0955716 -0.0004263 -0.105861 -0.009789  0.000226  0.000005  37
2022 05 08 59707  0.105113  0.480053 -0.0951911 -0.0003326 -0.105601 -0.010041  0.000211 -0.000040  37
2022 05 09 59708  0.106716  0.480513 -0.0949241 -0.0002100 -0.105069 -0.010217  0.000246 -0.000092  37
2022 05 10 59709  0.108530  0.480991 -0.0948159  0.0000304 -0.104658 -0.010283  0.000291 -0.000138  37
2022 05 11 59710  0.110903  0.481790 -0.0949881  0.0003164 -0.104896 -0.010287  0.000243 -0.000143  37
2022 05 12 59711  0.113502  0.482649 -0.0954306  0.0005540 -0.105404 -0.010283  0.000211 -0.000148  37
2022 05 13 59712  0.116077  0.483365 -0.0960633  0.0006865 -0.105646 -0.010170  0.000267 -0.000180  37
2022 05 14 59713  0.118509  0.483953 -0.0967649  0.0006915 -0.105723 -0.009830  0.000328 -0.000199  37
2022 05 15 59714  0.120701  0.484488 -0.0974099  0.0005839 -0.105994 -0.009433  0.000357 -0.000189  37
2022 05 16 59715  0.122284  0.485290 -0.0979015  0.0003946 -0.106565 -0.009301  0.000370 -0.000165  37
2022 05 17 59716  0.123227  0.485828 -0.0981799  0.0001620 -0.107088 -0.009515  0.000372 -0.000134  37
2022 05 18 59717  0.124611  0.485713 -0.0982314 -0.0000515 -0.107097 -0.009850  0.000380 -0.000119  37
2022 05 19 59718  0.126467  0.485555 -0.0981086 -0.0001787 -0.106617 -0.010044  0.000386 -0.000108  37
2022 05 20 59719  0.128421  0.485623 -0.0979196 -0.0001713 -0.106051 -0.010087  0.000386 -0.000099  37
2022 05 21 59720  0.130662  0.486060 -0.0977899 -0.0000815 -0.105749 -0.010088  0.000376 -0.000087  37
2022 05 22 59721  0.132973  0.486722 -0.0977637  0.0000169 -0.105730 -0.010073  0.000360 -0.000073  37
2022 05 23 59722  0.135357  0.487378 -0.0978311  0.0001115 -0.105815 -0.009992  0.000340 -0.000060  37
2022 05 24 59723  0.137681  0.488138 -0.0979894  0.0002137 -0.105858 -0.009836  0.000319 -0.000048  37
2022 05 25 59724  0.139680  0.488540 -0.0982327  0.0002612 -0.105883 -0.009644  0.000300 -0.000039  37
2022 05 26 59725  0.141652  0.488521 -0.0984800  0.0002182 -0.106023 -0.009421  0.000283 -0.000031  37
2022 05 27 59726  0.143585  0.488472 -0.0986404  0.0000970 -0.106323 -0.009175  0.000270 -0.000025  37
2022 05 28 59727  0.145172  0.488374 -0.0986373 -0.0001225 -0.106671 -0.008995  0.000255 -0.000016  37
2022 05 29 59728  0.146664  0.488257 -0.0983732 -0.0004271 -0.106884 -0.009029  0.000244 -0.000006  37
2022 05 30 59729  0.148142  0.487950 -0.0977955 -0.0007169 -0.106911 -0.009321  0.000244  0.000001  37
2022 05 31 59730  0.149870  0.487111 -0.0969557 -0.0009552 -0.106833 -0.009709  0.000262  0.000005  37
2022 06 01 59731  0.152014  0.486196 -0.0959150 -0.0011092 -0.106744 -0.009960  0.000302  0.000004  37
2022 06 02 59732  0.154327  0.485456 -0.0947720 -0.0011495 -0.106642 -0.010005  0.000387 -0.000006  37
2022 06 03 59733  0.156604  0.484781 -0.0936351 -0.0011228 -0.106623 -0.009972  0.000477 -0.000020  37
2022 06 04 59734  0.158891  0.484171 -0.0925606 -0.0009883 -0.106729 -0.010005  0.000513 -0.000034  37
2022 06 05 59735  0.161168  0.483627 -0.0916451 -0.0008647 -0.106755 -0.010078  0.000501 -0.000048  37
2022 06 06 59736  0.163515  0.483159 -0.0908397 -0.0007592 -0.106570 -0.010063  0.000462 -0.000060  37
2022 06 07 59737  0.166285  0.482844 -0.0901592 -0.0005669 -0.106386 -0.009941  0.000410 -0.000071  37
2022 06 08 59738  0.169354  0.482823 -0.0896875 -0.0003977 -0.106557 -0.009844  0.000354 -0.000079  37
2022 06 09 59739  0.172332  0.482882 -0.0893507 -0.0002938 -0.107113 -0.009842  0.000317 -0.000082  37
2022 06 10 59740  0.175177  0.482865 -0.0890878 -0.0002317 -0.107783 -0.009789  0.000289 -0.000083  37
2022 06 11 59741  0.177831  0.482631 -0.0888458 -0.0002720 -0.108342 -0.009506  0.000273 -0.000082  37
2022 06 12 59742  0.180313  0.482012 -0.0884990 -0.0004392 -0.108919 -0.009112  0.000268 -0.000082  37
2022 06 13 59743  0.182782  0.481239 -0.0879341 -0.0007002 -0.109592 -0.008964  0.000271 -0.000087  37
2022 06 14 59744  0.185046  0.480388 -0.0870906 -0.0009872 -0.110030 -0.009209  0.000281 -0.000098  37
2022 06 15 59745  0.187072  0.479292 -0.0859879 -0.0012037 -0.109867 -0.009612  0.000295 -0.000133  37
2022 06 16 59746  0.189221  0.478002 -0.0847385 -0.0012725 -0.109232 -0.009865  0.000312 -0.000174  37
2022 06 17 59747  0.191592  0.476703 -0.0835084 -0.0011447 -0.108619 -0.009963  0.000328 -0.000213  37
2022 06 18 59748  0.194021  0.475533 -0.0824690 -0.0009220 -0.108359 -0.010013  0.000344 -0.000216  37
2022 06 19 59749  0.196594  0.474514 -0.0816427 -0.0007698 -0.108461 -0.009999  0.000355 -0.000197  37
2022 06 20 59750  0.199459  0.473572 -0.0809309 -0.0006532 -0.108768 -0.009802  0.000358 -0.000169  37
2022 06 21 59751  0.202399  0.472821 -0.0803195 -0.0005639 -0.109099 -0.009455  0.000349 -0.000140  37
2022 06 22 59752  0.205100  0.472247 -0.0797551 -0.0005982 -0.109342 -0.009149  0.000324 -0.000116  37
2022 06 23 59753  0.207635  0.471613 -0.0791013 -0.0007229 -0.109610 -0.009011  0.000264 -0.000110  37
2022 06 24 59754  0.210129  0.470776 -0.0783043 -0.0008617 -0.109977 -0.008975  0.000206 -0.000111  37
2022 06 25 59755  0.212707  0.469708 -0.0773619 -0.0010240 -0.110349 -0.008988  0.000204 -0.000117  37
2022 06 26 59756  0.215408  0.468452 -0.0762391 -0.0012383 -0.110597 -0.009114  0.000248 -0.000125  37
2022 06 27 59757  0.218240  0.467049 -0.0748965 -0.0014461 -0.110622 -0.009425  0.000310 -0.000132  37
2022 06 28 59758  0.221351  0.465614 -0.0733793 -0.0015603 -0.110474 -0.009821  0.000374 -0.000134  37
2022 06 29 59759  0.224422  0.464174 -0.0717947 -0.0015972 -0.110403 -0.010051  0.000396 -0.000116  37
2022 06 30 59760  0.227249  0.462605 -0.0702045 -0.0015783 -0.110486 -0.009992  0.000398 -0.000094  37
2022 07 01 59761  0.230018  0.460858 -0.0686678 -0.0014763 -0.110716 -0.009762  0.000391 -0.000075  37
2022 07 02 59762  0.232930  0.459239 -0.0672683 -0.0013134 -0.111018 -0.009595  0.000369 -0.000086  37
2022 07 03 59763  0.236103  0.457847 -0.0660455 -0.0011399 -0.111215 -0.009550  0.000341 -0.000113  37
2022 07 04 59764  0.239173  0.456559 -0.0650013 -0.0009477 -0.111180 -0.009516  0.000316 -0.000142  37
2022 07 05 59765  0.241876  0.455108 -0.0641610 -0.0007164 -0.111005 -0.009408  0.000301 -0.000167  37
2022 07 06 59766  0.244467  0.453330 -0.0635430 -0.0005315 -0.110951 -0.009282  0.000314 -0.000174  37
2022 07 07 59767  0.247109  0.451620 -0.0630552 -0.0004985 -0.111270 -0.009246  0.000335 -0.000171  37
2022 07 08 59768  0.249738  0.450129 -0.0625547 -0.0004682 -0.111922 -0.009245  0.000340 -0.000159  37
2022 07 09 59769  0.252300  0.448656 -0.0620609 -0.0005369 -0.112671 -0.009140  0.000332 -0.000141  37
2022 07 10 59770  0.254688  0.447030 -0.0614087 -0.0008348 -0.113391 -0.008964  0.000318 -0.000122  37
2022 07 11 59771  0.256780  0.445426 -0.0604085 -0.0011465 -0.113995 -0.008938  0.000303 -0.000109  37
2022 07 12 59772  0.258301  0.443925 -0.0591521 -0.0013315 -0.114245 -0.009152  0.000291 -0.000105  37
2022 07 13 59773  0.259228  0.442028 -0.0577854 -0.0013785 -0.113961 -0.009423  0.000299 -0.000138  37
2022 07 14 59774  0.260268  0.439933 -0.0564442 -0.0012784 -0.113416 -0.009513  0.000314 -0.000179  37
2022 07 15 59775  0.261700  0.438136 -0.0552629 -0.0010664 -0.113030 -0.009495  0.000329 -0.000211  37
2022 07 16 59776  0.263439  0.436349 -0.0543088 -0.0008620 -0.112964 -0.009527  0.000342 -0.000194  37
2022 07 17 59777  0.265300  0.434359 -0.0535323 -0.0007059 -0.113142 -0.009571  0.000351 -0.000149  37
2022 07 18 59778  0.267256  0.432323 -0.0528826 -0.0005893 -0.113498 -0.009418  0.000355 -0.000101  37
2022 07 19 59779  0.269222  0.430278 -0.0523054 -0.0005958 -0.113973 -0.009060  0.000350 -0.000063  37
2022 07 20 59780  0.270971  0.428191 -0.0516628 -0.0007040 -0.114432 -0.008800  0.000322 -0.000081  37
2022 07 21 59781  0.272558  0.426249 -0.0508868 -0.0008489 -0.114722 -0.008820  0.000287 -0.000121  37
2022 07 22 59782  0.274060  0.424461 -0.0499632 -0.0009757 -0.114933 -0.009036  0.000255 -0.000165  37
2022 07 23 59783  0.275606  0.422692 -0.0489015 -0.0011859 -0.115162 -0.009237  0.000256 -0.000192  37
2022 07 24 59784  0.277046  0.420923 -0.0476115 -0.0013968 -0.115406 -0.009374  0.000275 -0.000204  37
2022 07 25 59785  0.278479  0.419342 -0.0461634 -0.0014314 -0.115529 -0.009547  0.000296 -0.000209  37
2022 07 26 59786  0.279843  0.417878 -0.0447322 -0.0014476 -0.115489 -0.009785  0.000313 -0.000207  37
2022 07 27 59787  0.281074  0.416128 -0.0432746 -0.0014738 -0.115468 -0.009945  0.000296 -0.000194  37
2022 07 28 59788  0.282275  0.414127 -0.0418119 -0.0014418 -0.115521 -0.009874  0.000267 -0.000180  37
2022 07 29 59789  0.283342  0.411836 -0.0404227 -0.0013205 -0.115624 -0.009603  0.000240 -0.000169  37
2022 07 30 59790  0.284584  0.409455 -0.0391933 -0.0011252 -0.115658 -0.009351  0.000241 -0.000188  37
2022 07 31 59791  0.285965  0.407278 -0.0381778 -0.0009048 -0.115615 -0.009262  0.000258 -0.000222  37
2022 08 01 59792  0.287096  0.405215 -0.0373774 -0.0007027 -0.115512 -0.009297  0.000278 -0.000253  37
2022 08 02 59793  0.287837  0.403225 -0.0367581 -0.0005452 -0.115382 -0.009328  0.000291 -0.000271  37
2022 08 03 59794  0.288505  0.401030 -0.0362636 -0.0004596 -0.115374 -0.009273  0.000283 -0.000254  37
2022 08 04 59795  0.289525  0.398724 -0.0358134 -0.0004552 -0.115626 -0.009192  0.000269 -0.000224  37
2022 08 05 59796  0.290512  0.396542 -0.0353263 -0.0005279 -0.116164 -0.009156  0.000263 -0.000211  37
2022 08 06 59797  0.291078  0.394199 -0.0347268 -0.0006877 -0.116849 -0.009166  0.000267 -0.000215  37
2022 08 07 59798  0.291569  0.391648 -0.0339408 -0.0008867 -0.117437 -0.009228  0.000274 -0.000226  37
2022 08 08 59799  0.292346  0.389011 -0.0329687 -0.0010393 -0.117703 -0.009376  0.000284 -0.000241  37
2022 08 09 59800  0.293177  0.386216 -0.0318907 -0.0010958 -0.117556 -0.009552  0.000293 -0.000257  37
2022 08 10 59801  0.293830  0.383265 -0.0308176 -0.0010272 -0.117156 -0.009577  0.000297 -0.000267  37
2022 08 11 59802  0.294459  0.380359 -0.0298732 -0.0008454 -0.116827 -0.009377  0.000298 -0.000273  37
2022 08 12 59803  0.295044  0.377846 -0.0291442 -0.0006105 -0.116789 -0.009140  0.000299 -0.000274  37
2022 08 13 59804  0.295587  0.375727 -0.0286417 -0.0004104 -0.116946 -0.009124  0.000300 -0.000280  37
2022 08 14 59805  0.296380  0.373573 -0.0282827 -0.0003234 -0.117104 -0.009281  0.000300 -0.000281  37
2022 08 15 59806  0.297490  0.371314 -0.0279483 -0.0003439 -0.117286 -0.009333  0.000300 -0.000266  37
2022 08 16 59807  0.298534  0.369047 -0.0275740 -0.0004278 -0.117624 -0.009151  0.000300 -0.000229  37
2022 08 17 59808  0.299290  0.366741 -0.0270680 -0.0006088 -0.118058 -0.008918  0.000302 -0.000162  37
2022 08 18 59809  0.299933  0.364397 -0.0263308 -0.0008610 -0.118395 -0.008785  0.000294  0.000004  37
2022 08 19 59810  0.300900  0.362032 -0.0253476 -0.0011017 -0.118504 -0.008867  0.000301  0.000127  37
2022 08 20 59811  0.302113  0.359767 -0.0241394 -0.0012993 -0.118370 -0.009114  0.000370  0.000048  37
2022 08 21 59812  0.303009  0.357418 -0.0227755 -0.0014055 -0.118223 -0.009307  0.000438 -0.000118  37
2022 08 22 59813  0.303776  0.354937 -0.0213685 -0.0014091 -0.118337 -0.009319  0.000371 -0.000145  37
2022 08 23 59814  0.304477  0.352466 -0.0199794 -0.0013717 -0.118536 -0.009321  0.000230 -0.000078  37
2022 08 24 59815  0.304896  0.349928 -0.0186340 -0.0013071 -0.118454 -0.009436  0.000193 -0.000067  37
2022 08 25 59816  0.305196  0.347449 -0.0173800 -0.0011874 -0.118238 -0.009492  0.000230 -0.000099  37
2022 08 26 59817  0.305359  0.344911 -0.0162763 -0.0009989 -0.117976 -0.009376  0.000296 -0.000145  37
2022 08 27 59818  0.305275  0.342353 -0.0154056 -0.0007605 -0.117800 -0.009153  0.000318 -0.000171  37
2022 08 28 59819  0.304974  0.339904 -0.0147410 -0.0005814 -0.117692 -0.009010  0.000312 -0.000183  37
2022 08 29 59820  0.304634  0.337396 -0.0142138 -0.0004577 -0.117660 -0.009037  0.000300 -0.000188  37
2022 08 30 59821  0.304486  0.334985 -0.0138184 -0.0003166 -0.117691 -0.009159  0.000287 -0.000186  37
2022 08 31 59822  0.304608  0.332741 -0.0135885 -0.0001775 -0.117731 -0.009233  0.000284 -0.000170  37
2022 09 01 59823  0.304750  0.330370 -0.0134327 -0.0001600 -0.117841 -0.009201  0.000286 -0.000152  37
2022 09 02 59824  0.304511  0.327662 -0.0132321 -0.0002555 -0.118116 -0.009113  0.000294 -0.000139  37
2022 09 03 59825  0.304218  0.325053 -0.0128989 -0.0004245 -0.118497 -0.009075  0.000315 -0.000140  37
2022 09 04 59826  0.304093  0.322757 -0.0123719 -0.0006116 -0.118791 -0.009150  0.000332 -0.000156  37
2022 09 05 59827  0.303789  0.320462 -0.0117027 -0.0007044 -0.118815 -0.009319  0.000316 -0.000197  37
2022 09 06 59828  0.303221  0.317942 -0.0110105 -0.0006749 -0.118494 -0.009430  0.000288 -0.000241  37
2022 09 07 59829  0.302611  0.314946 -0.0103848 -0.0005476 -0.117941 -0.009273  0.000315 -0.000218  37
2022 09 08 59830  0.301714  0.311767 -0.0099522 -0.0003033 -0.117558 -0.008876  0.000375 -0.000153  37
2022 09 09 59831  0.300337  0.308684 -0.0097938 -0.0000019 -0.117511 -0.008470  0.000440 -0.000076  37
2022 09 10 59832  0.299163  0.305670 -0.0099473  0.0002760 -0.117732 -0.008347  0.000446 -0.000060  37
2022 09 11 59833  0.298558  0.302866 -0.0102963  0.0003843 -0.117907 -0.008486  0.000414 -0.000082  37
2022 09 12 59834  0.298102  0.300294 -0.0106474  0.0003126 -0.117995 -0.008663  0.000372 -0.000113  37
2022 09 13 59835  0.297539  0.297936 -0.0108862  0.0001684 -0.118201 -0.008726  0.000332 -0.000142  37
2022 09 14 59836  0.296976  0.295821 -0.0109810 -0.0000023 -0.118455 -0.008680  0.000359 -0.000112  37
2022 09 15 59837  0.296327  0.293799 -0.0108687 -0.0002247 -0.118754 -0.008710  0.000385 -0.000080  37
2022 09 16 59838  0.295597  0.291688 -0.0105332 -0.0004360 -0.118983 -0.008838  0.000366 -0.000081  37
2022 09 17 59839  0.294720  0.289620 -0.0100150 -0.0006069 -0.119351 -0.009010  0.000193 -0.000193  37
2022 09 18 59840  0.293563  0.287766 -0.0093265 -0.0007703 -0.119509 -0.009052  0.000029 -0.000311  37
2022 09 19 59841  0.292296  0.285831 -0.0084802 -0.0008960 -0.118935 -0.008921  0.000116 -0.000291  37
2022 09 20 59842  0.291347  0.283521 -0.0075644 -0.0009053 -0.117963 -0.008810  0.000350 -0.000176  37
2022 09 21 59843  0.290649  0.281053 -0.0067135 -0.0007957 -0.117426 -0.008848  0.000435 -0.000082  37
2022 09 22 59844  0.289760  0.278368 -0.0059928 -0.0006384 -0.117292 -0.008893  0.000407 -0.000014  37
2022 09 23 59845  0.288617  0.275562 -0.0054487 -0.0004407 -0.117386 -0.008795  0.000330  0.000028  37
2022 09 24 59846  0.287264  0.272936 -0.0051195 -0.0002234 -0.117430 -0.008614  0.000295 -0.000014  37
2022 09 25 59847  0.285969  0.270435 -0.0049910 -0.0000441 -0.117440 -0.008469  0.000286 -0.000101  37
2022 09 26 59848  0.285175  0.268189 -0.0050055  0.0000741 -0.117483 -0.008473  0.000277 -0.000189  37
2022 09 27 59849  0.284705  0.266417 -0.0051191  0.0001511 -0.117554 -0.008626  0.000267 -0.000254  37
2022 09 28 59850  0.283912  0.264922 -0.0052929  0.0001599 -0.117669 -0.008696  0.000239 -0.000173  37
2022 09 29 59851  0.283031  0.263286 -0.0053993  0.0000340 -0.117792 -0.008666  0.000208 -0.000061  37
2022 09 30 59852  0.282318  0.261508 -0.0053333 -0.0001887 -0.117932 -0.008569  0.000187  0.000010  37
2022 10 01 59853  0.281354  0.259750 -0.0050003 -0.0004119 -0.118043 -0.008569  0.000183 -0.000059  37
2022 10 02 59854  0.280036  0.257894 -0.0045789 -0.0004560 -0.117985 -0.008664  0.000200 -0.000183  37
2022 10 03 59855  0.278437  0.255752 -0.0041088 -0.0004826 -0.117557 -0.008735  0.000264 -0.000232  37
2022 10 04 59856  0.276527  0.253535 -0.0036291 -0.0004476 -0.116838 -0.008711  0.000353 -0.000213  37
2022 10 05 59857  0.274404  0.251433 -0.0032454 -0.0002887 -0.116141 -0.008551  0.000426 -0.000172  37
2022 10 06 59858  0.272473  0.249219 -0.0030859 -0.0000286 -0.115854 -0.008294  0.000428 -0.000147  37
2022 10 07 59859  0.270900  0.246724 -0.0031898  0.0002339 -0.115962 -0.008030  0.000393 -0.000128  37
2022 10 08 59860  0.269391  0.244299 -0.0035353  0.0004481 -0.116213 -0.007873  0.000357 -0.000114  37
2022 10 09 59861  0.267429  0.242127 -0.0040573  0.0005781 -0.116371 -0.007841  0.000326 -0.000105  37
2022 10 10 59862  0.265385  0.239978 -0.0046579  0.0005882 -0.116382 -0.007865  0.000299 -0.000096  37
2022 10 11 59863  0.263701  0.237848 -0.0051888  0.0004433 -0.116380 -0.007895  0.000281 -0.000083  37
2022 10 12 59864  0.262018  0.235704 -0.0055034  0.0001940 -0.116511 -0.007940  0.000273 -0.000064  37
2022 10 13 59865  0.259877  0.233767 -0.0055763 -0.0000390 -0.116702 -0.008012  0.000296 -0.000033  37
2022 10 14 59866  0.256979  0.232063 -0.0054440 -0.0002106 -0.116826 -0.008064  0.000317  0.000004  37
2022 10 15 59867  0.254040  0.230385 -0.0051858 -0.0002885 -0.116773 -0.007996  0.000306  0.000064  37
2022 10 16 59868  0.251171  0.228858 -0.0049033 -0.0002666 -0.116468 -0.007849  0.000287  0.000105  37
2022 10 17 59869  0.248065  0.227218 -0.0046818 -0.0001737 -0.115927 -0.007811  0.000304  0.000045  37
2022 10 18 59870  0.245180  0.225131 -0.0045721 -0.0000437 -0.115324 -0.007952  0.000345 -0.000074  37
2022 10 19 59871  0.242984  0.222972 -0.0046016  0.0001058 -0.114826 -0.008143  0.000376 -0.000142  37
2022 10 20 59872  0.240680  0.221154 -0.0047862  0.0002714 -0.114492 -0.008253  0.000394 -0.000168  37
2022 10 21 59873  0.237696  0.219324 -0.0051477  0.0004618 -0.114387 -0.008171  0.000402 -0.000171  37
2022 10 22 59874  0.234662  0.217555 -0.0057141  0.0006740 -0.114571 -0.007910  0.000383 -0.000168  37
2022 10 23 59875  0.232058  0.216051 -0.0064912  0.0008691 -0.114918 -0.007585  0.000348 -0.000158  37
2022 10 24 59876  0.230051  0.214646 -0.0074290  0.0009786 -0.115230 -0.007341  0.000310 -0.000140  37
2022 10 25 59877  0.228143  0.213195 -0.0084019  0.0009389 -0.115388 -0.007264  0.000279 -0.000115  37
2022 10 26 59878  0.226020  0.211756 -0.0092552  0.0007559 -0.115379 -0.007338  0.000270 -0.000081  37
2022 10 27 59879  0.223591  0.210365 -0.0098850  0.0005036 -0.115311 -0.007474  0.000272 -0.000049  37
2022 10 28 59880  0.220778  0.208851 -0.0102641  0.0002393 -0.115231 -0.007584  0.000275 -0.000055  37
2022 10 29 59881  0.217688  0.207438 -0.0103672 -0.0000044 -0.115104 -0.007606  0.000279 -0.000092  37
2022 10 30 59882  0.214501  0.206273 -0.0102993 -0.0001088 -0.114883 -0.007569  0.000285 -0.000140  37
2022 10 31 59883  0.211397  0.205213 -0.0101990 -0.0000749 -0.114554 -0.007550  0.000291 -0.000188  37
2022 11 01 59884  0.208579  0.204261 -0.0101864  0.0000922 -0.114151 -0.007562  0.000299 -0.000226  37
2022 11 02 59885  0.206191  0.203437 -0.0104323  0.0004001 -0.113774 -0.007498  0.000298 -0.000190  37
2022 11 03 59886  0.203873  0.202388 -0.0109960  0.0007120 -0.113485 -0.007380  0.000301 -0.000148  37
2022 11 04 59887  0.201513  0.201387 -0.0118312  0.0009407 -0.113335 -0.007242  0.000317 -0.000133  37
2022 11 05 59888  0.199474  0.200651 -0.0128366  0.0010288 -0.113243 -0.007180  0.000375 -0.000221  37
2022 11 06 59889  0.197932  0.199809 -0.0138232  0.0009449 -0.113246 -0.007101  0.000422 -0.000302  37
2022 11 07 59890  0.196406  0.199019 -0.0146971  0.0008084 -0.113433 -0.006866  0.000367 -0.000211  37
2022 11 08 59891  0.194594  0.198363 -0.0154390  0.0006454 -0.113623 -0.006622  0.000266 -0.000037  37
2022 11 09 59892  0.192626  0.197574 -0.0159681  0.0004043 -0.113604 -0.006623  0.000242  0.000023  37
2022 11 10 59893  0.190335  0.196714 -0.0162396  0.0001380 -0.113555 -0.006809  0.000270  0.000001  37
2022 11 11 59894  0.187835  0.195885 -0.0162474 -0.0000989 -0.113595 -0.006981  0.000284 -0.000019  37
2022 11 12 59895  0.185411  0.195017 -0.0160721 -0.0002360 -0.113564 -0.007029  0.000283 -0.000031  37
2022 11 13 59896  0.183314  0.193950 -0.0158089 -0.0002800 -0.113334 -0.006981  0.000277 -0.000046  37
2022 11 14 59897  0.181906  0.192849 -0.0155390 -0.0002410 -0.112965 -0.006952  0.000271 -0.000064  37
2022 11 15 59898  0.181146  0.192231 -0.0153565 -0.0001163 -0.112561 -0.007016  0.000266 -0.000085  37
2022 11 16 59899  0.180582  0.192108 -0.0153247  0.0000593 -0.112134 -0.007114  0.000275 -0.000114  37
2022 11 17 59900  0.179821  0.192267 -0.0154855  0.0002632 -0.111753 -0.007112  0.000286 -0.000142  37
2022 11 18 59901  0.178503  0.192627 -0.0158513  0.0004662 -0.111588 -0.006953  0.000293 -0.000165  37
2022 11 19 59902  0.176657  0.192909 -0.0164084  0.0006421 -0.111812 -0.006689  0.000288 -0.000169  37
2022 11 20 59903  0.174660  0.192899 -0.0171161  0.0007606 -0.112317 -0.006414  0.000274 -0.000160  37
2022 11 21 59904  0.172485  0.192709 -0.0178983  0.0007898 -0.112793 -0.006169  0.000258 -0.000146  37
2022 11 22 59905  0.170136  0.192501 -0.0186610  0.0007137 -0.113039 -0.005993  0.000243 -0.000131  37
2022 11 23 59906  0.167891  0.192107 -0.0192899  0.0005251 -0.113067 -0.005989  0.000245 -0.000130  37
2022 11 24 59907  0.165780  0.191660 -0.0196873  0.0002644 -0.113018 -0.006178  0.000248 -0.000130  37
2022 11 25 59908  0.163336  0.191401 -0.0198207  0.0000096 -0.112894 -0.006414  0.000239 -0.000120  37
2022 11 26 59909  0.160359  0.191143 -0.0197331 -0.0001702 -0.112737 -0.006474  0.000191 -0.000086  37
2022 11 27 59910  0.156930  0.190773 -0.0195182 -0.0002347 -0.112562 -0.006335  0.000142 -0.000044  37
2022 11 28 59911  0.153279  0.190248 -0.0193049 -0.0001665 -0.112302 -0.006179  0.000164 -0.000019  37
2022 11 29 59912  0.149976  0.189791 -0.0192183  0.0000025 -0.112004 -0.006142  0.000234 -0.000014  37
2022 11 30 59913  0.147020  0.189802 -0.0193183  0.0002032 -0.111721 -0.006177  0.000301 -0.000027  37
2022 12 01 59914  0.144073  0.190046 -0.0196188  0.0003736 -0.111603 -0.006179  0.000300 -0.000068  37
2022 12 02 59915  0.141140  0.189944 -0.0200282  0.0004297 -0.111611 -0.006106  0.000273 -0.000118  37
2022 12 03 59916  0.138473  0.189650 -0.0204411  0.0003958 -0.111660 -0.005976  0.000277 -0.000150  37
2022 12 04 59917  0.135655  0.189510 -0.0208038  0.0003048 -0.111743 -0.005819  0.000307 -0.000163  37
2022 12 05 59918  0.132727  0.189106 -0.0210244  0.0001304 -0.111784 -0.005654  0.000341 -0.000164  37
2022 12 06 59919  0.130238  0.188816 -0.0210542 -0.0000757 -0.111675 -0.005545  0.000367 -0.000153  37
2022 12 07 59920  0.127852  0.188806 -0.0208721 -0.0002859 -0.111533 -0.005573  0.000344 -0.000125  37
2022 12 08 59921  0.125533  0.188712 -0.0204924 -0.0004655 -0.111440 -0.005761  0.000303 -0.000093  37
2022 12 09 59922  0.122973  0.188871 -0.0199601 -0.0005906 -0.111468 -0.005991  0.000261 -0.000068  37
2022 12 10 59923  0.120012  0.189217 -0.0193329 -0.0006488 -0.111505 -0.006143  0.000238 -0.000088  37
2022 12 11 59924  0.117124  0.189412 -0.0186891 -0.0006255 -0.111431 -0.006174  0.000230 -0.000132  37
2022 12 12 59925  0.114539  0.189345 -0.0181068 -0.0005350 -0.111212 -0.006177  0.000235 -0.000178  37
2022 12 13 59926  0.112243  0.189383 -0.0176316 -0.0004096 -0.110874 -0.006226  0.000251 -0.000212  37
2022 12 14 59927  0.110058  0.189769 -0.0172943 -0.0002654 -0.110378 -0.006236  0.000300 -0.000213  37
2022 12 15 59928  0.107791  0.190612 -0.0170979 -0.0001210 -0.109893 -0.006102  0.000333 -0.000190  37
2022 12 16 59929  0.105271  0.191552 -0.0170512  0.0000316 -0.109828 -0.005799  0.000264 -0.000106  37
2022 12 17 59930  0.102635  0.192130 -0.0171579  0.0001739 -0.110169 -0.005553  0.000185 -0.000044  37
2022 12 18 59931  0.100241  0.192460 -0.0173822  0.0002681 -0.110520 -0.005568  0.000237 -0.000125  37
2022 12 19 59932  0.098288  0.192768 -0.0176727  0.0002984 -0.110934 -0.005552  0.000278 -0.000157  37
2022 12 20 59933  0.096763  0.193071 -0.0179522  0.0002389 -0.111368 -0.005348  0.000255 -0.000091  37
2022 12 21 59934  0.095763  0.193384 -0.0181223  0.0000866 -0.111759 -0.005217  0.000231 -0.000069  37
2022 12 22 59935  0.094785  0.193985 -0.0181128 -0.0001117 -0.112129 -0.005371  0.000210 -0.000081  37
2022 12 23 59936  0.093362  0.194945 -0.0179066 -0.0002853 -0.112216 -0.005746  0.000191 -0.000100  37
2022 12 24 59937  0.091305  0.196091 -0.0175776 -0.0003346 -0.111851 -0.006009  0.000178 -0.000123  37
2022 12 25 59938  0.088406  0.196974 -0.0172973 -0.0001965 -0.111302 -0.005961  0.000169 -0.000146  37
2022 12 26 59939  0.085247  0.197375 -0.0172338  0.0000738 -0.110965 -0.005774  0.000168 -0.000168  37
2022 12 27 59940  0.081980  0.197797 -0.0174543  0.0003522 -0.110906 -0.005700  0.000174 -0.000184  37
2022 12 28 59941  0.078268  0.198281 -0.0179078  0.0005273 -0.110934 -0.005713  0.000190 -0.000191  37
2022 12 29 59942  0.074706  0.198611 -0.0184525  0.0005628 -0.110926 -0.005617  0.000225 -0.000180  37
2022 12 30 59943  0.071168  0.199220 -0.0190020  0.0005361 -0.110964 -0.005393  0.000261 -0.000161  37
2022 12 31 59944  0.067009  0.200094 -0.0195134  0.0004430 -0.111194 -0.005156  0.000243 -0.000095  37
2023 01 01 59945  0.062781  0.200934 -0.0198475  0.0002181 -0.111515 -0.005024  0.000190 -0.000005  37
2023 01 02 59946  0.059045  0.201751 -0.0199319 -0.0000281 -0.111754 -0.004978  0.000140  0.000064  37
2023 01 03 59947  0.055733  0.202451 -0.0198120 -0.0002214 -0.111769 -0.004986  0.000119  0.000081  37
2023 01 04 59948  0.052963  0.203022 -0.0194966 -0.0004025 -0.111472 -0.005132  0.000150  0.000013  37
2023 01 05 59949  0.050776  0.203862 -0.0190229 -0.0005254 -0.110870 -0.005533  0.000270 -0.000186  37
2023 01 06 59950  0.048799  0.205028 -0.0184769 -0.0005576 -0.110422 -0.005939  0.000360 -0.000326  37
2023 01 07 59951  0.046903  0.206221 -0.0179339 -0.0005183 -0.110259 -0.006137  0.000390 -0.000362  37
2023 01 08 59952  0.045126  0.207587 -0.0174629 -0.0004110 -0.110235 -0.006082  0.000382 -0.000331  37
2023 01 09 59953  0.043343  0.209042 -0.0171323 -0.0002524 -0.110194 -0.005896  0.000349 -0.000260  37
2023 01 10 59954  0.041288  0.210224 -0.0169604 -0.0000895 -0.110056 -0.005735  0.000305 -0.000173  37
2023 01 11 59955  0.038959  0.211103 -0.0169497  0.0000534 -0.109764 -0.005661  0.000282 -0.000138  37
2023 01 12 59956  0.036569  0.211941 -0.0170444  0.0001339 -0.109441 -0.005542  0.000264 -0.000117  37
2023 01 13 59957  0.034173  0.213038 -0.0171983  0.0001773 -0.109258 -0.005369  0.000246 -0.000100  37
2023 01 14 59958  0.031784  0.214430 -0.0173875  0.0001966 -0.109384 -0.005295  0.000226 -0.000092  37
2023 01 15 59959  0.029367  0.216061 -0.0175767  0.0001749 -0.109784 -0.005410  0.000208 -0.000092  37
2023 01 16 59960  0.026901  0.217965 -0.0177203  0.0000988 -0.110216 -0.005574  0.000198 -0.000098  37
2023 01 17 59961  0.024347  0.220203 -0.0177548 -0.0000485 -0.110567 -0.005577  0.000199 -0.000109  37
2023 01 18 59962  0.021695  0.222431 -0.0176052 -0.0002494 -0.110949 -0.005480  0.000236 -0.000132  37
2023 01 19 59963  0.019134  0.224221 -0.0172655 -0.0004267 -0.111481 -0.005576  0.000282 -0.000157  37
2023 01 20 59964  0.016690  0.225666 -0.0167782 -0.0005345 -0.111790 -0.005964  0.000319 -0.000175  37
2023 01 21 59965  0.013968  0.226839 -0.0162345 -0.0005543 -0.111582 -0.006302  0.000294 -0.000158  37
2023 01 22 59966  0.010854  0.227763 -0.0156846 -0.0004944 -0.110972 -0.006273  0.000234 -0.000122  37
2023 01 23 59967  0.007798  0.228872 -0.0152875 -0.0002553 -0.110468 -0.005989  0.000170 -0.000087  37
2023 01 24 59968  0.005392  0.230205 -0.0152158  0.0000661 -0.110333 -0.005793  0.000120 -0.000064  37
2023 01 25 59969  0.003896  0.231528 -0.0153738  0.0002410 -0.110318 -0.005799  0.000136 -0.000093  37
2023 01 26 59970  0.002856  0.233412 -0.0156563  0.0002925 -0.110370 -0.005777  0.000182 -0.000140  37
2023 01 27 59971  0.001535  0.235865 -0.0159088  0.0001905 -0.110514 -0.005641  0.000241 -0.000189  37
2023 01 28 59972  0.000366  0.238151 -0.0160008  0.0000009 -0.110700 -0.005556  0.000300 -0.000208  37
2023 01 29 59973 -0.000284  0.240398 -0.0159127 -0.0001799 -0.110794 -0.005686  0.000354 -0.000206  37
2023 01 30 59974 -0.000887  0.242713 -0.0156504 -0.0003481 -0.110758 -0.005935  0.000399 -0.000198  37
2023 01 31 59975 -0.001428  0.245092 -0.0152254 -0.0005151 -0.110639 -0.006111  0.000429 -0.000187  37
2023 02 01 59976 -0.002337  0.247781 -0.0146165 -0.0006862 -0.110480 -0.006196  0.000423 -0.000191  37
2023 02 02 59977 -0.003627  0.250389 -0.0138706 -0.0007762 -0.110240 -0.006298  0.000396 -0.000199  37
2023 02 03 59978 -0.004951  0.252542 -0.0131037 -0.0007411 -0.110013 -0.006461  0.000359 -0.000202  37
2023 02 04 59979 -0.006491  0.254297 -0.0124243 -0.0006174 -0.109944 -0.006563  0.000309 -0.000192  37
2023 02 05 59980 -0.008248  0.255953 -0.0118846 -0.0004627 -0.110005 -0.006484  0.000257 -0.000172  37
2023 02 06 59981 -0.010008  0.257753 -0.0115012 -0.0003019 -0.110032 -0.006268  0.000214 -0.000148  37
2023 02 07 59982 -0.011976  0.259699 -0.0112776 -0.0001461 -0.109901 -0.006074  0.000189 -0.000122  37
2023 02 08 59983 -0.014130  0.261663 -0.0111991 -0.0000050 -0.109553 -0.005983  0.000222 -0.000095  37
2023 02 09 59984 -0.015736  0.263496 -0.0112620  0.0001383 -0.109196 -0.005950  0.000276 -0.000072  37
2023 02 10 59985 -0.016760  0.265590 -0.0114750  0.0002783 -0.108978 -0.005924  0.000330 -0.000058  37
2023 02 11 59986 -0.017938  0.268007 -0.0118054  0.0003547 -0.109036 -0.005978  0.000341 -0.000077  37
2023 02 12 59987 -0.019696  0.270485 -0.0121489  0.0003115 -0.109289 -0.006168  0.000323 -0.000112  37
2023 02 13 59988 -0.021982  0.273122 -0.0123922  0.0001667 -0.109570 -0.006413  0.000291 -0.000148  37
2023 02 14 59989 -0.024499  0.275706 -0.0124631 -0.0000227 -0.109810 -0.006545  0.000251 -0.000173  37
2023 02 15 59990 -0.026992  0.278207 -0.0123523 -0.0002044 -0.110139 -0.006507  0.000207 -0.000145  37
2023 02 16 59991 -0.029396  0.280700 -0.0120680 -0.0003493 -0.110640 -0.006533  0.000166 -0.000102  37
2023 02 17 59992 -0.031785  0.282897 -0.0116897 -0.0003668 -0.111063 -0.006777  0.000137 -0.000064  37
2023 02 18 59993 -0.034006  0.284849 -0.0113975 -0.0001942 -0.110946 -0.007101  0.000149 -0.000078  37
2023 02 19 59994 -0.035834  0.286849 -0.0113473  0.0001015 -0.110304 -0.007190  0.000188 -0.000123  37
2023 02 20 59995 -0.037251  0.288985 -0.0116101  0.0004224 -0.109573 -0.007023  0.000234 -0.000172  37
2023 02 21 59996 -0.038261  0.291510 -0.0121708  0.0006816 -0.109106 -0.006870  0.000277 -0.000208  37
2023 02 22 59997 -0.038807  0.294635 -0.0129266  0.0008065 -0.109003 -0.006842  0.000289 -0.000200  37
2023 02 23 59998 -0.038971  0.298243 -0.0137318  0.0007968 -0.109151 -0.006832  0.000286 -0.000170  37
2023 02 24 59999 -0.039202  0.301841 -0.0144946  0.0007136 -0.109592 -0.006706  0.000241 -0.000088  37
2023 02 25 60000 -0.039740  0.305113 -0.0151458  0.0005449 -0.109964 -0.006705  0.000246 -0.000066  37
2023 02 26 60001 -0.040975  0.308155 -0.0155490  0.0002517 -0.110160 -0.006929  0.000264 -0.000059  37
2023 02 27 60002 -0.042707  0.310732 -0.0156331 -0.0000424 -0.110141 -0.007266  0.000287 -0.000050  37
2023 02 28 60003 -0.044046  0.313340 -0.0155037 -0.0001924 -0.109996 -0.007481  0.000307 -0.000031  37
2023 03 01 60004 -0.045115  0.316259 -0.0152954 -0.0002300 -0.109784 -0.007451  0.000312  0.000039  37
2023 03 02 60005 -0.046065  0.318766 -0.0150624 -0.0002387 -0.109433 -0.007347  0.000311  0.000120  37
2023 03 03 60006 -0.046677  0.321138 -0.0148245 -0.0002062 -0.108998 -0.007328  0.000309  0.000187  37
2023 03 04 60007 -0.046882  0.323792 -0.0146819 -0.0000776 -0.108638 -0.007416  0.000320  0.000173  37
2023 03 05 60008 -0.046540  0.326621 -0.0146823  0.0001030 -0.108483 -0.007439  0.000336  0.000111  37
2023 03 06 60009 -0.045657  0.329817 -0.0149129  0.0003456 -0.108456 -0.007322  0.000350  0.000035  37
2023 03 07 60010 -0.044599  0.333296 -0.0153659  0.0005547 -0.108413 -0.007174  0.000354 -0.000038  37
2023 03 08 60011 -0.043530  0.336616 -0.0160051  0.0007164 -0.108388 -0.007094  0.000329 -0.000056  37
2023 03 09 60012 -0.042352  0.339803 -0.0167760  0.0008130 -0.108432 -0.007140  0.000294 -0.000053  37
2023 03 10 60013 -0.041322  0.343084 -0.0176027  0.0008282 -0.108573 -0.007251  0.000259 -0.000043  37
2023 03 11 60014 -0.040776  0.346390 -0.0184047  0.0007582 -0.108709 -0.007379  0.000249 -0.000048  37
2023 03 12 60015 -0.040519  0.349496 -0.0190910  0.0006061 -0.108799 -0.007513  0.000255 -0.000062  37
2023 03 13 60016 -0.040097  0.352572 -0.0196023  0.0004110 -0.108833 -0.007660  0.000265 -0.000077  37
2023 03 14 60017 -0.039717  0.355976 -0.0199116  0.0002175 -0.108790 -0.007801  0.000276 -0.000091  37
2023 03 15 60018 -0.039696  0.359397 -0.0200604  0.0000717 -0.108682 -0.007924  0.000278 -0.000100  37
2023 03 16 60019 -0.039824  0.362249 -0.0200712 -0.0000295 -0.108532 -0.008069  0.000276 -0.000106  37
2023 03 17 60020 -0.039666  0.364628 -0.0200376  0.0000017 -0.108371 -0.008259  0.000268 -0.000111  37
2023 03 18 60021 -0.039047  0.366850 -0.0201299  0.0002064 -0.108187 -0.008403  0.000256 -0.000114  37
2023 03 19 60022 -0.038102  0.368994 -0.0204875  0.0005080 -0.107992 -0.008371  0.000244 -0.000113  37
2023 03 20 60023 -0.036907  0.371284 -0.0211416  0.0007792 -0.107854 -0.008185  0.000234 -0.000107  37
2023 03 21 60024 -0.035480  0.373974 -0.0220007  0.0009296 -0.107805 -0.008018  0.000229 -0.000095  37
2023 03 22 60025 -0.033918  0.377072 -0.0229616  0.0009596 -0.107797 -0.007977  0.000240 -0.000071  37
2023 03 23 60026 -0.032503  0.380245 -0.0238876  0.0008776 -0.107868 -0.008006  0.000259 -0.000040  37
2023 03 24 60027 -0.031173  0.383274 -0.0246908  0.0006877 -0.108067 -0.008026  0.000279 -0.000005  37
2023 03 25 60028 -0.029863  0.386430 -0.0252241  0.0003734 -0.108334 -0.008069  0.000299  0.000044  37
2023 03 26 60029 -0.028402  0.389466 -0.0254315  0.0000649 -0.108511 -0.008224  0.000318  0.000095  37
2023 03 27 60030 -0.026589  0.392633 -0.0253926 -0.0001361 -0.108515 -0.008443  0.000331  0.000135  37
2023 03 28 60031 -0.024718  0.395445 -0.0251809 -0.0002733 -0.108385 -0.008580  0.000335  0.000156  37
2023 03 29 60032 -0.023029  0.397858 -0.0248761 -0.0003175 -0.108184 -0.008619  0.000317  0.000120  37
2023 03 30 60033 -0.021735  0.400017 -0.0245819 -0.0002598 -0.107840 -0.008642  0.000291  0.000058  37
2023 03 31 60034 -0.020397  0.402194 -0.0243867 -0.0001267 -0.107382 -0.008762  0.000266 -0.000009  37
2023 04 01 60035 -0.018832  0.404562 -0.0243447  0.0000379 -0.106941 -0.008931  0.000273 -0.000056  37
2023 04 02 60036 -0.017339  0.407431 -0.0244585  0.0002013 -0.106744 -0.009003  0.000295 -0.000086  37
2023 04 03 60037 -0.015648  0.409984 -0.0247405  0.0003819 -0.106816 -0.008883  0.000314 -0.000106  37
2023 04 04 60038 -0.013789  0.412618 -0.0252154  0.0005579 -0.107008 -0.008648  0.000322 -0.000116  37
2023 04 05 60039 -0.012263  0.415517 -0.0258359  0.0006744 -0.107244 -0.008468  0.000295 -0.000118  37
2023 04 06 60040 -0.010755  0.418256 -0.0265377  0.0007197 -0.107466 -0.008452  0.000254 -0.000111  37
2023 04 07 60041 -0.009065  0.421259 -0.0272490  0.0006993 -0.107657 -0.008560  0.000228 -0.000089  37
2023 04 08 60042 -0.007878  0.423780 -0.0279197  0.0006258 -0.107816 -0.008694  0.000216 -0.000055  37
2023 04 09 60043 -0.006541  0.426318 -0.0284814  0.0004743 -0.107930 -0.008792  0.000216 -0.000019  37
2023 04 10 60044 -0.005307  0.428835 -0.0288476  0.0002659 -0.107893 -0.008843  0.000259  0.000039  37
2023 04 11 60045 -0.004073  0.431351 -0.0290184  0.0000866 -0.107810 -0.008939  0.000282  0.000065  37
2023 04 12 60046 -0.002903  0.434183 -0.0290346 -0.0000344 -0.107534 -0.009090  0.000308  0.000070  37
2023 04 13 60047 -0.002436  0.436715 -0.0289857 -0.0000349 -0.107031 -0.009295  0.000337  0.000028  37
2023 04 14 60048 -0.001750  0.439264 -0.0290056  0.0001070 -0.106438 -0.009463  0.000359 -0.000027  37
2023 04 15 60049 -0.001196  0.441724 -0.0292618  0.0003882 -0.106037 -0.009491  0.000350 -0.000046  37
2023 04 16 60050  0.000214  0.443555 -0.0298215  0.0007070 -0.105985 -0.009389  0.000317 -0.000053  37
2023 04 17 60051  0.001716  0.445308 -0.0306441  0.0009188 -0.106222 -0.009215  0.000280 -0.000052  37
2023 04 18 60052  0.002942  0.446930 -0.0316096  0.0009803 -0.106567 -0.009064  0.000249 -0.000050  37
2023 04 19 60053  0.004306  0.448627 -0.0325371  0.0008834 -0.106764 -0.008997  0.000260 -0.000054  37
2023 04 20 60054  0.005723  0.450456 -0.0333578  0.0007316 -0.106839 -0.009000  0.000289 -0.000060  37
2023 04 21 60055  0.007430  0.452633 -0.0339749  0.0004803 -0.106891 -0.009049  0.000321 -0.000060  37
2023 04 22 60056  0.009155  0.455143 -0.0342997  0.0001878 -0.107021 -0.009130  0.000333 -0.000028  37
2023 04 23 60057  0.010695  0.457843 -0.0343744 -0.0000276 -0.107178 -0.009260  0.000334  0.000015  37
2023 04 24 60058  0.012615  0.460612 -0.0342760 -0.0001638 -0.107270 -0.009397  0.000332  0.000047  37
2023 04 25 60059  0.014950  0.462927 -0.0340746 -0.0002294 -0.107246 -0.009475  0.000331  0.000056  37
2023 04 26 60060  0.017333  0.465001 -0.0338446 -0.0002297 -0.107057 -0.009558  0.000342 -0.000017  37
2023 04 27 60061  0.019395  0.467135 -0.0336272 -0.0001836 -0.106703 -0.009698  0.000358 -0.000122  37
2023 04 28 60062  0.021422  0.469079 -0.0335007 -0.0000486 -0.106225 -0.009940  0.000375 -0.000226  37
2023 04 29 60063  0.023823  0.470667 -0.0335561  0.0001491 -0.105751 -0.010152  0.000399 -0.000255  37
2023 04 30 60064  0.025987  0.472089 -0.0338124  0.0003309 -0.105494 -0.010205  0.000424 -0.000231  37
2023 05 01 60065  0.027605  0.473468 -0.0342084  0.0004987 -0.105579 -0.010034  0.000443 -0.000188  37
2023 05 02 60066  0.028796  0.474630 -0.0347850  0.0006431 -0.105942 -0.009706  0.000450 -0.000137  37
2023 05 03 60067  0.030234  0.475690 -0.0354724  0.0007120 -0.106395 -0.009387  0.000440 -0.000090  37
2023 05 04 60068  0.031924  0.476551 -0.0361704  0.0006840 -0.106827 -0.009225  0.000393 -0.000071  37
2023 05 05 60069  0.033840  0.477643 -0.0368208  0.0006055 -0.107154 -0.009237  0.000341 -0.000067  37
2023 05 06 60070  0.035678  0.478685 -0.0373656  0.0004770 -0.107390 -0.009396  0.000315 -0.000092  37
2023 05 07 60071  0.037872  0.479777 -0.0377721  0.0003168 -0.107589 -0.009635  0.000311 -0.000137  37
2023 05 08 60072  0.039787  0.481291 -0.0379959  0.0001477 -0.107700 -0.009885  0.000321 -0.000184  37
2023 05 09 60073  0.041742  0.482696 -0.0381001  0.0000777 -0.107603 -0.010090  0.000341 -0.000222  37
2023 05 10 60074  0.043548  0.484305 -0.0381955  0.0001209 -0.107267 -0.010183  0.000361 -0.000208  37
2023 05 11 60075  0.045281  0.485514 -0.0383861  0.0002941 -0.106770 -0.010195  0.000383 -0.000175  37
2023 05 12 60076  0.047344  0.486618 -0.0388214  0.0005745 -0.106269 -0.010150  0.000405 -0.000142  37
2023 05 13 60077  0.049455  0.487750 -0.0395385  0.0008647 -0.105918 -0.010091  0.000423 -0.000147  37
2023 05 14 60078  0.052341  0.489096 -0.0405378  0.0011312 -0.105798 -0.010004  0.000436 -0.000174  37
2023 05 15 60079  0.055853  0.490619 -0.0417757  0.0013088 -0.105914 -0.009881  0.000442 -0.000202  37
2023 05 16 60080  0.059171  0.492264 -0.0430984  0.0012961 -0.106202 -0.009725  0.000441 -0.000220  37
2023 05 17 60081  0.062111  0.493466 -0.0442928  0.0010916 -0.106605 -0.009528  0.000409 -0.000193  37
2023 05 18 60082  0.064515  0.494600 -0.0452544  0.0008148 -0.106950 -0.009369  0.000366 -0.000149  37
2023 05 19 60083  0.066867  0.495722 -0.0459063  0.0004982 -0.107159 -0.009334  0.000323 -0.000103  37
2023 05 20 60084  0.069368  0.496634 -0.0462641  0.0002209 -0.107247 -0.009474  0.000298 -0.000078  37
2023 05 21 60085  0.071680  0.497569 -0.0463853 -0.0000170 -0.107321 -0.009715  0.000288 -0.000068  37
2023 05 22 60086  0.073653  0.498156 -0.0462514 -0.0002163 -0.107389 -0.009915  0.000303 -0.000063  37
2023 05 23 60087  0.076168  0.498968 -0.0459896 -0.0003017 -0.107543 -0.009986  0.000287 -0.000057  37
2023 05 24 60088  0.079160  0.500036 -0.0456668 -0.0003301 -0.107491 -0.009956  0.000328 -0.000037  37
2023 05 25 60089  0.082179  0.501016 -0.0453568 -0.0002884 -0.107360 -0.009961  0.000358 -0.000014  37
2023 05 26 60090  0.084860  0.502475 -0.0451088 -0.0002078 -0.107116 -0.010061  0.000383  0.000004  37
2023 05 27 60091  0.086695  0.503689 -0.0449627 -0.0000620 -0.106687 -0.010192  0.000441 -0.000008  37
2023 05 28 60092  0.088657  0.504421 -0.0450081  0.0001365 -0.106280 -0.010202  0.000504 -0.000040  37
2023 05 29 60093  0.090324  0.505265 -0.0452249  0.0002690 -0.106189 -0.010036  0.000550 -0.000075  37
2023 05 30 60094  0.091875  0.506012 -0.0455065  0.0002945 -0.106579 -0.009781  0.000564 -0.000108  37
2023 05 31 60095  0.093785  0.506996 -0.0457887  0.0002782 -0.107334 -0.009553  0.000531 -0.000130  37
2023 06 01 60096  0.096350  0.507780 -0.0460547  0.0002314 -0.108189 -0.009392  0.000430 -0.000133  37
2023 06 02 60097  0.099280  0.508684 -0.0462257  0.0000916 -0.108791 -0.009317  0.000337 -0.000131  37
2023 06 03 60098  0.102195  0.509333 -0.0462142 -0.0001268 -0.109187 -0.009367  0.000277 -0.000128  37
2023 06 04 60099  0.105220  0.510064 -0.0459633 -0.0003677 -0.109549 -0.009580  0.000225 -0.000127  37
2023 06 05 60100  0.108006  0.510376 -0.0454993 -0.0005265 -0.109690 -0.009884  0.000216 -0.000132  37
2023 06 06 60101  0.111217  0.510811 -0.0449675 -0.0005304 -0.109464 -0.010109  0.000239 -0.000145  37
2023 06 07 60102  0.114187  0.511330 -0.0444769 -0.0004348 -0.108827 -0.010159  0.000336 -0.000183  37
2023 06 08 60103  0.116506  0.511524 -0.0441244 -0.0002531 -0.108193 -0.010073  0.000451 -0.000229  37
2023 06 09 60104  0.119171  0.511814 -0.0439844 -0.0000223 -0.108236 -0.009970  0.000395 -0.000270  37
2023 06 10 60105  0.121697  0.512135 -0.0440725  0.0001874 -0.108325 -0.009905  0.000403 -0.000303  37
2023 06 11 60106  0.123832  0.512556 -0.0443300  0.0002974 -0.108167 -0.009844  0.000525 -0.000322  37
2023 06 12 60107  0.126093  0.512902 -0.0446157  0.0002673 -0.108521 -0.009736  0.000431 -0.000319  37
2023 06 13 60108  0.128655  0.513023 -0.0448327  0.0001509 -0.108893 -0.009554  0.000346 -0.000289  37
2023 06 14 60109  0.131265  0.513186 -0.0448926 -0.0000520 -0.109182 -0.009285  0.000345 -0.000204  37
2023 06 15 60110  0.133765  0.513018 -0.0447062 -0.0003110 -0.109495 -0.009052  0.000360 -0.000112  37
2023 06 16 60111  0.136473  0.512884 -0.0442808 -0.0005311 -0.109770 -0.009013  0.000352 -0.000056  37
2023 06 17 60112  0.139533  0.512907 -0.0436680 -0.0006963 -0.109901 -0.009229  0.000336 -0.000036  37
2023 06 18 60113  0.142445  0.512759 -0.0429057 -0.0008189 -0.109880 -0.009649  0.000350 -0.000084  37
2023 06 19 60114  0.145679  0.512473 -0.0420518 -0.0008735 -0.109840 -0.009988  0.000395 -0.000118  37
2023 06 20 60115  0.148651  0.512369 -0.0411848 -0.0008457 -0.109896 -0.010097  0.000435 -0.000152  37
2023 06 21 60116  0.151998  0.511955 -0.0403854 -0.0007621 -0.110134 -0.009966  0.000419 -0.000144  37
2023 06 22 60117  0.155498  0.511551 -0.0396589 -0.0006812 -0.110416 -0.009794  0.000374 -0.000119  37
2023 06 23 60118  0.158323  0.511208 -0.0390256 -0.0005803 -0.110606 -0.009712  0.000327 -0.000095  37
2023 06 24 60119  0.161368  0.510809 -0.0384982 -0.0004743 -0.110515 -0.009706  0.000320 -0.000122  37
2023 06 25 60120  0.164234  0.510724 -0.0380713 -0.0003725 -0.110238 -0.009623  0.000338 -0.000175  37
2023 06 26 60121  0.167176  0.510340 -0.0377554 -0.0002695 -0.110105 -0.009436  0.000364 -0.000226  37
2023 06 27 60122  0.170433  0.509962 -0.0375206 -0.0002088 -0.110449 -0.009278  0.000389 -0.000261  37
2023 06 28 60123  0.173953  0.509955 -0.0373143 -0.0002234 -0.111285 -0.009197  0.000395 -0.000223  37
2023 06 29 60124  0.176991  0.509637 -0.0370420 -0.0003110 -0.112173 -0.009179  0.000391 -0.000158  37
2023 06 30 60125  0.180263  0.509120 -0.0366739 -0.0004450 -0.112749 -0.009132  0.000383 -0.000095  37
2023 07 01 60126  0.183626  0.508483 -0.0361336 -0.0006398 -0.113043 -0.009133  0.000367 -0.000079  37
2023 07 02 60127  0.187226  0.507848 -0.0353981 -0.0008316 -0.113199 -0.009303  0.000349 -0.000097  37
2023 07 03 60128  0.190492  0.507593 -0.0344896 -0.0009610 -0.113166 -0.009608  0.000334 -0.000133  37
2023 07 04 60129  0.193198  0.507334 -0.0335318 -0.0009460 -0.112851 -0.009818  0.000327 -0.000180  37
2023 07 05 60130  0.195908  0.507073 -0.0326419 -0.0008177 -0.112408 -0.009794  0.000339 -0.000245  37
2023 07 06 60131  0.198426  0.506374 -0.0319144 -0.0006116 -0.112214 -0.009638  0.000363 -0.000305  37
2023 07 07 60132  0.201220  0.505514 -0.0314343 -0.0003658 -0.112403 -0.009552  0.000391 -0.000342  37
2023 07 08 60133  0.204156  0.504535 -0.0311542 -0.0002083 -0.112759 -0.009535  0.000429 -0.000332  37
2023 07 09 60134  0.207001  0.503185 -0.0309623 -0.0002072 -0.113161 -0.009472  0.000419 -0.000285  37
2023 07 10 60135  0.209533  0.502013 -0.0306936 -0.0003264 -0.113395 -0.009302  0.000408 -0.000203  37
2023 07 11 60136  0.212151  0.500923 -0.0302988 -0.0004836 -0.113579 -0.009109  0.000381 -0.000113  37
2023 07 12 60137  0.214585  0.499885 -0.0297092 -0.0007161 -0.113862 -0.009024  0.000341 -0.000090  37
2023 07 13 60138  0.216926  0.498812 -0.0288524 -0.0009714 -0.114285 -0.009039  0.000300 -0.000114  37
2023 07 14 60139  0.219379  0.497583 -0.0277983 -0.0011411 -0.114717 -0.009160  0.000267 -0.000157  37
2023 07 15 60140  0.221871  0.496538 -0.0265972 -0.0012592 -0.114866 -0.009393  0.000294 -0.000163  37
2023 07 16 60141  0.224374  0.495464 -0.0253009 -0.0013057 -0.114764 -0.009731  0.000353 -0.000147  37
2023 07 17 60142  0.226953  0.494546 -0.0240270 -0.0012355 -0.114584 -0.010007  0.000418 -0.000131  37
2023 07 18 60143  0.228983  0.493824 -0.0228538 -0.0011031 -0.114472 -0.010018  0.000473 -0.000120  37
2023 07 19 60144  0.230996  0.493045 -0.0218364 -0.0009241 -0.114568 -0.009765  0.000476 -0.000142  37
2023 07 20 60145  0.233340  0.492282 -0.0210160 -0.0007087 -0.114761 -0.009434  0.000455 -0.000174  37
2023 07 21 60146  0.235893  0.491075 -0.0204242 -0.0004857 -0.114934 -0.009222  0.000425 -0.000205  37
2023 07 22 60147  0.238218  0.489978 -0.0200295 -0.0003219 -0.114946 -0.009121  0.000405 -0.000212  37
2023 07 23 60148  0.240409  0.488602 -0.0197499 -0.0002342 -0.114802 -0.009012  0.000389 -0.000202  37
2023 07 24 60149  0.242675  0.487119 -0.0195468 -0.0001810 -0.114739 -0.008873  0.000375 -0.000186  37
2023 07 25 60150  0.244998  0.485494 -0.0193720 -0.0001947 -0.115090 -0.008835  0.000360 -0.000165  37
2023 07 26 60151  0.247369  0.483986 -0.0191211 -0.0003134 -0.115939 -0.009007  0.000339 -0.000141  37
2023 07 27 60152  0.249864  0.482311 -0.0187234 -0.0004844 -0.116894 -0.009285  0.000319 -0.000121  37
2023 07 28 60153  0.252271  0.480832 -0.0181468 -0.0006677 -0.117493 -0.009459  0.000305 -0.000112  37
2023 07 29 60154  0.254520  0.479116 -0.0174005 -0.0008228 -0.117597 -0.009513  0.000314 -0.000144  37
2023 07 30 60155  0.256321  0.477330 -0.0165264 -0.0009135 -0.117387 -0.009585  0.000337 -0.000199  37
2023 07 31 60156  0.257717  0.475332 -0.0156145 -0.0008861 -0.116980 -0.009717  0.000364 -0.000253  37
2023 08 01 60157  0.259552  0.473316 -0.0148009 -0.0007225 -0.116465 -0.009735  0.000391 -0.000293  37
2023 08 02 60158  0.261538  0.471686 -0.0141968 -0.0004612 -0.116134 -0.009492  0.000409 -0.000273  37
2023 08 03 60159  0.263444  0.470105 -0.0138930 -0.0001511 -0.116254 -0.009229  0.000416 -0.000229  37
2023 08 04 60160  0.265536  0.468247 -0.0138656  0.0000812 -0.116730 -0.009216  0.000411 -0.000179  37
2023 08 05 60161  0.267930  0.466413 -0.0140118  0.0001727 -0.117309 -0.009399  0.000365 -0.000153  37
2023 08 06 60162  0.270493  0.464868 -0.0141542  0.0000858 -0.117788 -0.009473  0.000298 -0.000142  37
2023 08 07 60163  0.272864  0.463581 -0.0141484 -0.0001127 -0.118179 -0.009345  0.000235 -0.000139  37
2023 08 08 60164  0.274685  0.462231 -0.0139140 -0.0003629 -0.118493 -0.009221  0.000190 -0.000141  37
2023 08 09 60165  0.276337  0.460613 -0.0134271 -0.0006123 -0.118588 -0.009279  0.000215 -0.000150  37
2023 08 10 60166  0.277790  0.458807 -0.0127031 -0.0008460 -0.118608 -0.009447  0.000272 -0.000158  37
2023 08 11 60167  0.278994  0.456494 -0.0117351 -0.0010614 -0.118653 -0.009582  0.000336 -0.000156  37
2023 08 12 60168  0.279970  0.454733 -0.0106076 -0.0011748 -0.118715 -0.009638  0.000374 -0.000105  37
2023 08 13 60169  0.280771  0.452604 -0.0094177 -0.0011952 -0.118658 -0.009705  0.000394 -0.000030  37
2023 08 14 60170  0.281823  0.450679 -0.0082485 -0.0011327 -0.118477 -0.009763  0.000404  0.000039  37
2023 08 15 60171  0.282744  0.448904 -0.0071781 -0.0009947 -0.118294 -0.009656  0.000407  0.000083  37
2023 08 16 60172  0.283572  0.447025 -0.0062732 -0.0007974 -0.118177 -0.009364  0.000409  0.000044  37
2023 08 17 60173  0.284154  0.445183 -0.0055690 -0.0006196 -0.118140 -0.008999  0.000405 -0.000035  37
2023 08 18 60174  0.285203  0.442912 -0.0050148 -0.0004897 -0.118172 -0.008791  0.000376 -0.000128  37
2023 08 19 60175  0.286566  0.440690 -0.0045717 -0.0004010 -0.118027 -0.008828  0.000404 -0.000227  37
2023 08 20 60176  0.287747  0.438093 -0.0041923 -0.0003720 -0.118156 -0.008979  0.000306 -0.000309  37
2023 08 21 60177  0.288671  0.435493 -0.0038044 -0.0004111 -0.118240 -0.009086  0.000246 -0.000338  37
2023 08 22 60178  0.289769  0.432356 -0.0033527 -0.0004982 -0.118535 -0.009173  0.000198 -0.000309  37
2023 08 23 60179  0.291358  0.429819 -0.0027933 -0.0006287 -0.119045 -0.009335  0.000192 -0.000233  37
2023 08 24 60180  0.292539  0.427299 -0.0020899 -0.0007810 -0.119401 -0.009501  0.000300 -0.000086  37
2023 08 25 60181  0.294147  0.424781 -0.0012425 -0.0009207 -0.119430 -0.009556  0.000449  0.000071  37
2023 08 26 60182  0.296042  0.422672 -0.0002644 -0.0010216 -0.119256 -0.009552  0.000517  0.000093  37
2023 08 27 60183  0.298312  0.420663  0.0007542 -0.0010209 -0.118937 -0.009546  0.000514  0.000010  37
2023 08 28 60184  0.300336  0.418954  0.0017213 -0.0008780 -0.118543 -0.009547  0.000479 -0.000115  37
2023 08 29 60185  0.302082  0.417627  0.0024765 -0.0005862 -0.118239 -0.009441  0.000430 -0.000243  37
2023 08 30 60186  0.303509  0.416370  0.0028590 -0.0001866 -0.118177 -0.009106  0.000416 -0.000269  37
2023 08 31 60187  0.304481  0.414958  0.0028596  0.0001634 -0.118523 -0.008848  0.000411 -0.000251  37
2023 09 01 60188  0.304685  0.413225  0.0025855  0.0003596 -0.119010 -0.008952  0.000405 -0.000216  37
2023 09 02 60189  0.304825  0.411174  0.0022047  0.0003621 -0.119329 -0.009293  0.000369 -0.000179  37
2023 09 03 60190  0.304727  0.409265  0.0019255  0.0001717 -0.119472 -0.009461  0.000319 -0.000144  37
2023 09 04 60191  0.304257  0.407156  0.0018953 -0.0001167 -0.119709 -0.009301  0.000275 -0.000111  37
2023 09 05 60192  0.304229  0.404886  0.0021594 -0.0004104 -0.120091 -0.009090  0.000248 -0.000084  37
2023 09 06 60193  0.304276  0.402304  0.0027036 -0.0006694 -0.120353 -0.009124  0.000249 -0.000067  37
2023 09 07 60194  0.304265  0.399324  0.0034693 -0.0008541 -0.120231 -0.009354  0.000323 -0.000067  37
2023 09 08 60195  0.305032  0.395644  0.0043809 -0.0009660 -0.119988 -0.009522  0.000401 -0.000080  37
2023 09 09 60196  0.306254  0.392502  0.0053793 -0.0010078 -0.119833 -0.009540  0.000428 -0.000119  37
2023 09 10 60197  0.307408  0.389458  0.0063492 -0.0009389 -0.119675 -0.009496  0.000419 -0.000157  37
2023 09 11 60198  0.308542  0.386795  0.0072245 -0.0008138 -0.119421 -0.009431  0.000401 -0.000140  37
2023 09 12 60199  0.309341  0.384450  0.0079652 -0.0006524 -0.119169 -0.009297  0.000378 -0.000093  37
2023 09 13 60200  0.309615  0.382316  0.0085199 -0.0004607 -0.118965 -0.009046  0.000372 -0.000089  37
2023 09 14 60201  0.309657  0.380143  0.0088938 -0.0002943 -0.118809 -0.008719  0.000378 -0.000124  37
2023 09 15 60202  0.309721  0.377614  0.0091238 -0.0001728 -0.118666 -0.008502  0.000390 -0.000175  37
2023 09 16 60203  0.309751  0.374744  0.0092593 -0.0001085 -0.118529 -0.008503  0.000409 -0.000191  37
2023 09 17 60204  0.309757  0.371760  0.0093601 -0.0001099 -0.118451 -0.008682  0.000426 -0.000185  37
2023 09 18 60205  0.308886  0.369108  0.0095049 -0.0001781 -0.118457 -0.008880  0.000429 -0.000163  37
2023 09 19 60206  0.308208  0.366181  0.0097240 -0.0002734 -0.118563 -0.009000  0.000407 -0.000125  37
2023 09 20 60207  0.307457  0.363678  0.0100660 -0.0004199 -0.118869 -0.009060  0.000336 -0.000062  37
2023 09 21 60208  0.306721  0.360579  0.0105661 -0.0005828 -0.119283 -0.009118  0.000247  0.000006  37
2023 09 22 60209  0.306436  0.357851  0.0112184 -0.0007202 -0.119529 -0.009192  0.000201  0.000033  37
2023 09 23 60210  0.305659  0.354987  0.0119856 -0.0007903 -0.119445 -0.009228  0.000196  0.000023  37
2023 09 24 60211  0.305106  0.351922  0.0127431 -0.0007312 -0.119033 -0.009199  0.000211 -0.000007  37
2023 09 25 60212  0.304158  0.349002  0.0133969 -0.0005477 -0.118449 -0.009085  0.000236 -0.000048  37
2023 09 26 60213  0.303399  0.346155  0.0138149 -0.0002602 -0.117987 -0.008827  0.000262 -0.000089  37
2023 09 27 60214  0.302795  0.343537  0.0138975  0.0001144 -0.117925 -0.008449  0.000279 -0.000123  37
2023 09 28 60215  0.302657  0.340917  0.0135997  0.0004553 -0.118314 -0.008163  0.000264 -0.000130  37
2023 09 29 60216  0.302155  0.338760  0.0130375  0.0006477 -0.118728 -0.008223  0.000241 -0.000127  37
2023 09 30 60217  0.301747  0.336425  0.0123503  0.0006788 -0.118801 -0.008546  0.000220 -0.000116  37
2023 10 01 60218  0.301385  0.334305  0.0117122  0.0005107 -0.118634 -0.008774  0.000204 -0.000101  37
2023 10 02 60219  0.300711  0.331993  0.0113503  0.0002042 -0.118635 -0.008711  0.000195 -0.000086  37
2023 10 03 60220  0.299884  0.329534  0.0113093 -0.0001220 -0.118934 -0.008547  0.000197 -0.000073  37
2023 10 04 60221  0.298717  0.326782  0.0115775 -0.0003981 -0.119190 -0.008569  0.000225 -0.000077  37
2023 10 05 60222  0.298232  0.324037  0.0120742 -0.0005864 -0.119132 -0.008761  0.000263 -0.000085  37
2023 10 06 60223  0.297920  0.321485  0.0127240 -0.0006841 -0.118796 -0.008884  0.000302 -0.000092  37
2023 10 07 60224  0.297532  0.319119  0.0133996 -0.0006496 -0.118390 -0.008787  0.000324 -0.000075  37
2023 10 08 60225  0.296876  0.316797  0.0139877 -0.0005162 -0.117978 -0.008588  0.000335 -0.000048  37
2023 10 09 60226  0.295928  0.314663  0.0144054 -0.0003253 -0.117574 -0.008450  0.000337 -0.000022  37
2023 10 10 60227  0.294921  0.312271  0.0146356 -0.0001305 -0.117258 -0.008374  0.000333 -0.000005  37
2023 10 11 60228  0.293786  0.309909  0.0146710  0.0000587 -0.117114 -0.008254  0.000319 -0.000023  37
2023 10 12 60229  0.292342  0.307369  0.0145299  0.0002039 -0.117105 -0.008014  0.000300 -0.000054  37
2023 10 13 60230  0.291417  0.304741  0.0142940  0.0002738 -0.117141 -0.007774  0.000280 -0.000087  37
2023 10 14 60231  0.290959  0.302931  0.0139979  0.0003174 -0.117183 -0.007692  0.000265 -0.000097  37
2023 10 15 60232  0.290206  0.301059  0.0136690  0.0003068 -0.117269 -0.007821  0.000253 -0.000090  37
2023 10 16 60233  0.289556  0.298935  0.0134187  0.0001854 -0.117374 -0.008045  0.000244 -0.000075  37
2023 10 17 60234  0.288888  0.296768  0.0133241  0.0000173 -0.117400 -0.008202  0.000234 -0.000053  37
2023 10 18 60235  0.288061  0.294608  0.0133850 -0.0001505 -0.117311 -0.008232  0.000225 -0.000028  37
2023 10 19 60236  0.286823  0.292913  0.0136196 -0.0002996 -0.117185 -0.008186  0.000210  0.000004  37
2023 10 20 60237  0.285166  0.291121  0.0139436 -0.0003369 -0.117049 -0.008158  0.000200  0.000030  37
2023 10 21 60238  0.283894  0.289336  0.0142475 -0.0002716 -0.116787 -0.008196  0.000207  0.000029  37
2023 10 22 60239  0.282734  0.287395  0.0144590 -0.0001322 -0.116313 -0.008253  0.000227  0.000006  37
2023 10 23 60240  0.281945  0.284996  0.0144889  0.0000950 -0.115709 -0.008227  0.000251 -0.000027  37
2023 10 24 60241  0.281319  0.282356  0.0142581  0.0003765 -0.115235 -0.008043  0.000273 -0.000063  37
2023 10 25 60242  0.280625  0.279902  0.0137506  0.0006337 -0.115163 -0.007716  0.000275 -0.000086  37
2023 10 26 60243  0.280203  0.277777  0.0130086  0.0008067 -0.115441 -0.007417  0.000269 -0.000102  37
2023 10 27 60244  0.280001  0.275702  0.0121805  0.0008133 -0.115756 -0.007323  0.000258 -0.000111  37
2023 10 28 60245  0.280015  0.274097  0.0114735  0.0006096 -0.115828 -0.007433  0.000245 -0.000110  37
2023 10 29 60246  0.279560  0.272859  0.0110296  0.0002869 -0.115697 -0.007571  0.000233 -0.000102  37
2023 10 30 60247  0.278140  0.271640  0.0108288 -0.0000313 -0.115650 -0.007597  0.000224 -0.000087  37
2023 10 31 60248  0.276348  0.270303  0.0109909 -0.0002764 -0.115831 -0.007561  0.000222 -0.000069  37
2023 11 01 60249  0.274569  0.268315  0.0113342 -0.0004083 -0.116023 -0.007580  0.000238 -0.000039  37
2023 11 02 60250  0.273198  0.266114  0.0117789 -0.0004751 -0.115971 -0.007663  0.000262 -0.000010  37
2023 11 03 60251  0.271821  0.264434  0.0122712 -0.0004853 -0.115614 -0.007690  0.000288  0.000008  37
2023 11 04 60252  0.270924  0.262558  0.0127260 -0.0003984 -0.115116 -0.007627  0.000302 -0.000022  37
2023 11 05 60253  0.270153  0.261321  0.0130385 -0.0002166 -0.114618 -0.007532  0.000311 -0.000078  37
2023 11 06 60254  0.269116  0.259779  0.0131375  0.0000089 -0.114157 -0.007493  0.000333 -0.000135  37
2023 11 07 60255  0.268298  0.258530  0.0130292  0.0001845 -0.113904 -0.007488  0.000330 -0.000179  37
2023 11 08 60256  0.266724  0.257199  0.0127909  0.0003035 -0.113972 -0.007342  0.000275 -0.000152  37
2023 11 09 60257  0.265207  0.255588  0.0124412  0.0004217 -0.114210 -0.007028  0.000221 -0.000102  37
2023 11 10 60258  0.263493  0.254443  0.0119535  0.0005310 -0.114444 -0.006662  0.000206 -0.000058  37
2023 11 11 60259  0.261629  0.252836  0.0114045  0.0005393 -0.114459 -0.006456  0.000285 -0.000053  37
2023 11 12 60260  0.259927  0.251292  0.0108944  0.0004326 -0.114393 -0.006493  0.000387 -0.000062  37
2023 11 13 60261  0.258249  0.249725  0.0105445  0.0002799 -0.114421 -0.006687  0.000425 -0.000050  37
2023 11 14 60262  0.256507  0.248149  0.0103854  0.0000710 -0.114446 -0.006893  0.000413 -0.000028  37
2023 11 15 60263  0.254570  0.246747  0.0104172 -0.0001232 -0.114339 -0.007028  0.000391 -0.000037  37
2023 11 16 60264  0.252424  0.245071  0.0105996 -0.0002429 -0.114113 -0.007065  0.000371 -0.000066  37
2023 11 17 60265  0.250380  0.242975  0.0108565 -0.0002711 -0.113877 -0.007060  0.000337 -0.000100  37
2023 11 18 60266  0.248406  0.240354  0.0111168 -0.0002328 -0.113566 -0.007059  0.000319 -0.000113  37
2023 11 19 60267  0.246682  0.238139  0.0113046 -0.0000948 -0.113174 -0.007077  0.000310 -0.000111  37
2023 11 20 60268  0.245271  0.236097  0.0113015  0.0001001 -0.112760 -0.007062  0.000306 -0.000105  37
2023 11 21 60269  0.244498  0.234480  0.0111044  0.0002867 -0.112462 -0.006950  0.000305 -0.000100  37
2023 11 22 60270  0.243598  0.233507  0.0107595  0.0003983 -0.112403 -0.006748  0.000309 -0.000108  37
2023 11 23 60271  0.241883  0.232192  0.0103424  0.0004303 -0.112588 -0.006509  0.000312 -0.000117  37
2023 11 24 60272  0.240989  0.231266  0.0099187  0.0004028 -0.112864 -0.006316  0.000311 -0.000120  37
2023 11 25 60273  0.239692  0.230833  0.0095577  0.0002751 -0.113106 -0.006196  0.000280 -0.000094  37
2023 11 26 60274  0.238294  0.230077  0.0094031  0.0000295 -0.113204 -0.006155  0.000238 -0.000051  37
2023 11 27 60275  0.236360  0.229500  0.0094752 -0.0002229 -0.113202 -0.006183  0.000203 -0.000006  37
2023 11 28 60276  0.233806  0.228473  0.0098338 -0.0004488 -0.113200 -0.006274  0.000189  0.000033  37
2023 11 29 60277  0.231481  0.227298  0.0103599 -0.0006267 -0.113027 -0.006406  0.000266  0.000056  37
2023 11 30 60278  0.228990  0.225880  0.0110065 -0.0006323 -0.112754 -0.006514  0.000360  0.000058  37
2023 12 01 60279  0.226816  0.224745  0.0115719 -0.0005075 -0.112379 -0.006542  0.000425  0.000027  37
2023 12 02 60280  0.224305  0.223935  0.0120098 -0.0003739 -0.112137 -0.006481  0.000371 -0.000012  37
2023 12 03 60281  0.222071  0.222430  0.0123212 -0.0002343 -0.111909 -0.006410  0.000295 -0.000054  37
2023 12 04 60282  0.219794  0.220875  0.0124645 -0.0000674 -0.111526 -0.006362  0.000312 -0.000075  37
2023 12 05 60283  0.217420  0.219115  0.0124535  0.0000998 -0.111142 -0.006298  0.000385 -0.000078  37
2023 12 06 60284  0.214571  0.217536  0.0122758  0.0002429 -0.111087 -0.006142  0.000396 -0.000077  37
2023 12 07 60285  0.211936  0.215746  0.0119773  0.0003303 -0.111334 -0.005879  0.000367 -0.000073  37
2023 12 08 60286  0.208772  0.214113  0.0116481  0.0003127 -0.111833 -0.005608  0.000312 -0.000067  37
2023 12 09 60287  0.205670  0.212065  0.0113851  0.0002114 -0.112299 -0.005455  0.000299 -0.000052  37
2023 12 10 60288  0.203013  0.210473  0.0112396  0.0000789 -0.112615 -0.005487  0.000309 -0.000035  37
2023 12 11 60289  0.199952  0.209451  0.0112226 -0.0000622 -0.112730 -0.005675  0.000325 -0.000027  37
2023 12 12 60290  0.196871  0.208244  0.0113677 -0.0002260 -0.112676 -0.005935  0.000344 -0.000032  37
2023 12 13 60291  0.193357  0.207726  0.0116597 -0.0003512 -0.112524 -0.006202  0.000354 -0.000083  37
2023 12 14 60292  0.189583  0.206787  0.0120425 -0.0004003 -0.112273 -0.006363  0.000359 -0.000148  37
2023 12 15 60293  0.185845  0.205745  0.0124339 -0.0003364 -0.111930 -0.006367  0.000361 -0.000207  37
2023 12 16 60294  0.181994  0.204722  0.0126576 -0.0000987 -0.111598 -0.006234  0.000351 -0.000215  37
2023 12 17 60295  0.178144  0.203403  0.0126038  0.0001970 -0.111370 -0.006091  0.000335 -0.000191  37
2023 12 18 60296  0.174426  0.202336  0.0122851  0.0004531 -0.111282 -0.006014  0.000321 -0.000154  37
2023 12 19 60297  0.170661  0.201214  0.0117121  0.0006818 -0.111310 -0.005968  0.000313 -0.000115  37
2023 12 20 60298  0.167464  0.200619  0.0109464  0.0008204 -0.111392 -0.005892  0.000322 -0.000088  37
2023 12 21 60299  0.164895  0.200433  0.0101277  0.0008182 -0.111528 -0.005749  0.000338 -0.000069  37
2023 12 22 60300  0.162559  0.200456  0.0093539  0.0007030 -0.111691 -0.005567  0.000358 -0.000053  37
2023 12 23 60301  0.160059  0.200780  0.0087321  0.0005155 -0.111813 -0.005402  0.000379 -0.000043  37
2023 12 24 60302  0.157580  0.201308  0.0083399  0.0002658 -0.111797 -0.005323  0.000395 -0.000040  37
2023 12 25 60303  0.155062  0.201492  0.0081989  0.0000262 -0.111605 -0.005389  0.000401 -0.000045  37
2023 12 26 60304  0.151948  0.201842  0.0082629 -0.0001336 -0.111345 -0.005604  0.000391 -0.000061  37
2023 12 27 60305  0.148900  0.201561  0.0084167 -0.0001998 -0.111199 -0.005883  0.000362 -0.000088  37
2023 12 28 60306  0.146049  0.201377  0.0086182 -0.0002087 -0.111234 -0.006083  0.000306 -0.000129  37
2023 12 29 60307  0.143421  0.201375  0.0088430 -0.0001906 -0.111373 -0.006128  0.000215 -0.000186  37
2023 12 30 60308  0.141056  0.201504  0.0089829 -0.0000628 -0.111268 -0.006021  0.000180 -0.000217  37
2023 12 31 60309  0.138979  0.201930  0.0089356  0.0001241 -0.110895 -0.005878  0.000216 -0.000212  37
2024 01 01 60310  0.136894  0.202185  0.0087572  0.0002270 -0.110452 -0.005772  0.000283 -0.000183  37
2024 01 02 60311  0.134917  0.202555  0.0084757  0.0003215 -0.110087 -0.005652  0.000353 -0.000139  37
2024 01 03 60312  0.133109  0.203087  0.0081157  0.0003936 -0.109914 -0.005458  0.000396 -0.000091  37
2024 01 04 60313  0.131582  0.204005  0.0077008  0.0004330 -0.110198 -0.005245  0.000336 -0.000050  37
2024 01 05 60314  0.130046  0.205151  0.0072587  0.0004214 -0.110796 -0.005152  0.000253 -0.000019  37
2024 01 06 60315  0.127924  0.206114  0.0068909  0.0003088 -0.111426 -0.005273  0.000213 -0.000025  37
2024 01 07 60316  0.125599  0.206334  0.0066966  0.0000816 -0.111850 -0.005519  0.000209 -0.000060  37
2024 01 08 60317  0.123296  0.206642  0.0067475 -0.0001756 -0.111991 -0.005753  0.000222 -0.000106  37
2024 01 09 60318  0.121192  0.206575  0.0070360 -0.0003768 -0.111988 -0.005961  0.000243 -0.000151  37
2024 01 10 60319  0.119280  0.206262  0.0074355 -0.0004170 -0.112002 -0.006175  0.000248 -0.000168  37
2024 01 11 60320  0.117602  0.206432  0.0078271 -0.0003650 -0.111898 -0.006355  0.000246 -0.000170  37
2024 01 12 60321  0.115879  0.206702  0.0081417 -0.0002363 -0.111556 -0.006342  0.000243 -0.000164  37
2024 01 13 60322  0.114245  0.207034  0.0082712 -0.0000046 -0.111146 -0.006094  0.000236 -0.000149  37
2024 01 14 60323  0.113378  0.207784  0.0081341  0.0002690 -0.110961 -0.005809  0.000227 -0.000129  37
2024 01 15 60324  0.112214  0.209001  0.0077530  0.0004829 -0.111087 -0.005702  0.000220 -0.000107  37
2024 01 16 60325  0.110998  0.209753  0.0072002  0.0006233 -0.111363 -0.005761  0.000217 -0.000086  37
2024 01 17 60326  0.109707  0.210704  0.0065513  0.0006333 -0.111598 -0.005826  0.000227 -0.000073  37
2024 01 18 60327  0.107654  0.211907  0.0059931  0.0004604 -0.111772 -0.005800  0.000243 -0.000064  37
2024 01 19 60328  0.105447  0.212778  0.0056646  0.0002032 -0.111917 -0.005725  0.000258 -0.000057  37
2024 01 20 60329  0.102668  0.213985  0.0055761 -0.0000215 -0.112052 -0.005663  0.000258 -0.000046  37
2024 01 21 60330  0.099188  0.214508  0.0056875 -0.0001924 -0.112070 -0.005647  0.000251 -0.000034  37
2024 01 22 60331  0.095614  0.214880  0.0059347 -0.0002903 -0.111865 -0.005711  0.000247 -0.000026  37
2024 01 23 60332  0.092142  0.215252  0.0062476 -0.0003143 -0.111472 -0.005891  0.000251 -0.000026  37
2024 01 24 60333  0.088475  0.215315  0.0065434 -0.0002677 -0.111012 -0.006155  0.000290 -0.000043  37
2024 01 25 60334  0.085015  0.215422  0.0067558 -0.0001530 -0.110704 -0.006354  0.000340 -0.000070  37
2024 01 26 60335  0.082036  0.215766  0.0068335 -0.0000053 -0.110548 -0.006353  0.000383 -0.000099  37
2024 01 27 60336  0.079128  0.216515  0.0067647  0.0001600 -0.110477 -0.006174  0.000387 -0.000130  37
2024 01 28 60337  0.076203  0.217108  0.0065455  0.0003544 -0.110366 -0.005976  0.000365 -0.000157  37
2024 01 29 60338  0.073683  0.217508  0.0060957  0.0005305 -0.110224 -0.005878  0.000335 -0.000179  37
2024 01 30 60339  0.070956  0.217931  0.0055078  0.0006240 -0.110114 -0.005849  0.000305 -0.000190  37
2024 01 31 60340  0.068290  0.218391  0.0048845  0.0006207 -0.110040 -0.005788  0.000296 -0.000175  37
2024 02 01 60341  0.065609  0.219282  0.0042832  0.0005817 -0.110106 -0.005750  0.000298 -0.000150  37
2024 02 02 60342  0.062874  0.220789  0.0037331  0.0004875 -0.110386 -0.005882  0.000305 -0.000124  37
2024 02 03 60343  0.060211  0.222635  0.0033437  0.0002961 -0.110773 -0.006236  0.000319 -0.000120  37
2024 02 04 60344  0.057633  0.224278  0.0031545  0.0000824 -0.111012 -0.006615  0.000338 -0.000129  37
2024 02 05 60345  0.055861  0.226014  0.0031605 -0.0000984 -0.111019 -0.006788  0.000359 -0.000143  37
2024 02 06 60346  0.053715  0.227858  0.0033169 -0.0001823 -0.111030 -0.006793  0.000378 -0.000158  37
2024 02 07 60347  0.052368  0.229269  0.0034835 -0.0001544 -0.111218 -0.006876  0.000396 -0.000166  37
2024 02 08 60348  0.051267  0.231164  0.0035938 -0.0000437 -0.111331 -0.007125  0.000408 -0.000171  37
2024 02 09 60349  0.049695  0.233053  0.0035361  0.0001932 -0.111022 -0.007282  0.000411 -0.000175  37
2024 02 10 60350  0.048208  0.235284  0.0031659  0.0005577 -0.110472 -0.007118  0.000389 -0.000186  37
2024 02 11 60351  0.047051  0.237191  0.0024222  0.0009147 -0.110173 -0.006782  0.000353 -0.000196  37
2024 02 12 60352  0.046123  0.238811  0.0013969  0.0011090 -0.110344 -0.006619  0.000312 -0.000200  37
2024 02 13 60353  0.044604  0.240650  0.0002711  0.0011281 -0.110767 -0.006706  0.000276 -0.000192  37
2024 02 14 60354  0.042446  0.242137 -0.0008137  0.0010167 -0.111135 -0.006808  0.000263 -0.000150  37
2024 02 15 60355  0.040469  0.243138 -0.0017285  0.0007991 -0.111419 -0.006814  0.000261 -0.000097  37
2024 02 16 60356  0.038697  0.243979 -0.0024041  0.0005260 -0.111627 -0.006832  0.000263 -0.000047  37
2024 02 17 60357  0.036971  0.245192 -0.0027677  0.0002096 -0.111734 -0.006990  0.000257 -0.000032  37
2024 02 18 60358  0.034999  0.246697 -0.0028493 -0.0000303 -0.111691 -0.007209  0.000250 -0.000040  37
2024 02 19 60359  0.032827  0.248251 -0.0027394 -0.0001849 -0.111492 -0.007375  0.000247 -0.000058  37
2024 02 20 60360  0.030922  0.249730 -0.0025009 -0.0002761 -0.111159 -0.007498  0.000253 -0.000082  37
2024 02 21 60361  0.028760  0.251583 -0.0022114 -0.0002913 -0.110709 -0.007623  0.000291 -0.000097  37
2024 02 22 60362  0.026384  0.253181 -0.0019402 -0.0002379 -0.110326 -0.007714  0.000335 -0.000110  37
2024 02 23 60363  0.024110  0.255363 -0.0017547 -0.0001306 -0.110105 -0.007644  0.000371 -0.000126  37
2024 02 24 60364  0.021468  0.257705 -0.0016871  0.0000134 -0.110077 -0.007395  0.000358 -0.000155  37
2024 02 25 60365  0.018801  0.259535 -0.0018110  0.0002042 -0.110081 -0.007115  0.000315 -0.000189  37
2024 02 26 60366  0.016294  0.261582 -0.0020941  0.0003399 -0.110042 -0.006989  0.000265 -0.000218  37
2024 02 27 60367  0.013538  0.263684 -0.0024598  0.0003789 -0.109996 -0.007042  0.000222 -0.000237  37
2024 02 28 60368  0.010696  0.265653 -0.0028207  0.0003410 -0.109916 -0.007142  0.000222 -0.000217  37
2024 02 29 60369  0.007906  0.267857 -0.0031280  0.0002649 -0.109897 -0.007260  0.000241 -0.000184  37
2024 03 01 60370  0.005546  0.269875 -0.0033416  0.0001673 -0.109978 -0.007487  0.000266 -0.000154  37
2024 03 02 60371  0.004476  0.272298 -0.0034709  0.0000747 -0.110103 -0.007902  0.000285 -0.000168  37
2024 03 03 60372  0.003450  0.275467 -0.0034856 -0.0000727 -0.110086 -0.008323  0.000298 -0.000206  37
2024 03 04 60373  0.002177  0.278176 -0.0033053 -0.0002711 -0.109880 -0.008497  0.000306 -0.000245  37
2024 03 05 60374  0.000669  0.280467 -0.0029650 -0.0003660 -0.109750 -0.008426  0.000309 -0.000272  37
2024 03 06 60375 -0.000720  0.282454 -0.0026367 -0.0002618 -0.109970 -0.008376  0.000295 -0.000247  37
2024 03 07 60376 -0.001802  0.284170 -0.0025078  0.0000078 -0.110285 -0.008569  0.000277 -0.000201  37
2024 03 08 60377 -0.002745  0.286075 -0.0026821  0.0003503 -0.110199 -0.008789  0.000262 -0.000148  37
2024 03 09 60378 -0.003640  0.288394 -0.0032109  0.0007272 -0.109615 -0.008701  0.000279 -0.000121  37
2024 03 10 60379 -0.004647  0.290852 -0.0041262  0.0010873 -0.109084 -0.008311  0.000311 -0.000105  37
2024 03 11 60380 -0.006033  0.293393 -0.0053380  0.0012855 -0.109027 -0.007981  0.000342 -0.000083  37
2024 03 12 60381 -0.007194  0.295662 -0.0066209  0.0012413 -0.109342 -0.007922  0.000361 -0.000047  37
2024 03 13 60382 -0.007973  0.297878 -0.0077498  0.0009938 -0.109842 -0.007942  0.000329  0.000057  37
2024 03 14 60383 -0.008533  0.299994 -0.0085733  0.0006508 -0.110309 -0.007944  0.000279  0.000172  37
2024 03 15 60384 -0.009084  0.302201 -0.0090574  0.0003185 -0.110614 -0.008053  0.000237  0.000261  37
2024 03 16 60385 -0.010197  0.304797 -0.0092348  0.0000503 -0.110929 -0.008467  0.000094  0.000223  37
2024 03 17 60386 -0.011357  0.307140 -0.0091921 -0.0000973 -0.110116 -0.008990  0.000317  0.000106  37
2024 03 18 60387 -0.012389  0.309179 -0.0091031 -0.0000759 -0.109845 -0.009335  0.000311 -0.000028  37
2024 03 19 60388 -0.013079  0.311368 -0.0090764  0.0000285 -0.109336 -0.009431  0.000418 -0.000149  37
2024 03 20 60389 -0.013421  0.313052 -0.0091683  0.0001648 -0.109179 -0.009341  0.000378 -0.000164  37
2024 03 21 60390 -0.012837  0.314752 -0.0094079  0.0003054 -0.109082 -0.009214  0.000304 -0.000132  37
2024 03 22 60391 -0.012081  0.316461 -0.0097646  0.0004223 -0.109068 -0.009010  0.000225 -0.000084  37
2024 03 23 60392 -0.011308  0.318648 -0.0102529  0.0005604 -0.108979 -0.008664  0.000228 -0.000034  37
2024 03 24 60393 -0.010855  0.321765 -0.0108928  0.0007014 -0.108840 -0.008286  0.000277  0.000008  37
2024 03 25 60394 -0.010696  0.324723 -0.0116470  0.0007923 -0.108670 -0.008098  0.000333  0.000035  37
2024 03 26 60395 -0.011056  0.327473 -0.0124535  0.0007964 -0.108520 -0.008207  0.000375  0.000036  37
2024 03 27 60396 -0.011460  0.330102 -0.0131889  0.0006802 -0.108540 -0.008532  0.000365 -0.000016  37
2024 03 28 60397 -0.012222  0.332871 -0.0137765  0.0005001 -0.108653 -0.008883  0.000335 -0.000088  37
2024 03 29 60398 -0.012670  0.335116 -0.0141822  0.0003102 -0.108719 -0.009175  0.000321 -0.000134  37
2024 03 30 60399 -0.012674  0.336972 -0.0144031  0.0001210 -0.108681 -0.009450  0.000324 -0.000154  37
2024 03 31 60400 -0.012901  0.338936 -0.0144278 -0.0000690 -0.108509 -0.009698  0.000334 -0.000159  37
2024 04 01 60401 -0.013269  0.340800 -0.0142802 -0.0002209 -0.108203 -0.009814  0.000348 -0.000153  37
2024 04 02 60402 -0.013398  0.342432 -0.0140105 -0.0003035 -0.107898 -0.009785  0.000361 -0.000140  37
2024 04 03 60403 -0.012591  0.344287 -0.0137050 -0.0002652 -0.107777 -0.009777  0.000371 -0.000126  37
2024 04 04 60404 -0.011571  0.346466 -0.0135383 -0.0000379 -0.107828 -0.009935  0.000371 -0.000118  37
2024 04 05 60405 -0.010446  0.348815 -0.0136728  0.0003084 -0.107807 -0.010117  0.000364 -0.000109  37
2024 04 06 60406 -0.009638  0.351294 -0.0141568  0.0006447 -0.107648 -0.010033  0.000351 -0.000092  37
2024 04 07 60407 -0.009242  0.353830 -0.0149198  0.0008746 -0.107597 -0.009644  0.000332 -0.000069  37
2024 04 08 60408 -0.009090  0.356351 -0.0158648  0.0009687 -0.107877 -0.009244  0.000311 -0.000044  37
2024 04 09 60409 -0.009231  0.358857 -0.0167891  0.0008380 -0.108407 -0.009085  0.000288 -0.000018  37
2024 04 10 60410 -0.008747  0.360673 -0.0174821  0.0005380 -0.108959 -0.009130  0.000266  0.000008  37
2024 04 11 60411 -0.007983  0.362585 -0.0178513  0.0002132 -0.109383 -0.009261  0.000246  0.000029  37
2024 04 12 60412 -0.007461  0.364427 -0.0179880 -0.0000311 -0.109560 -0.009508  0.000229  0.000042  37
2024 04 13 60413 -0.006921  0.365983 -0.0178668 -0.0002091 -0.109383 -0.009940  0.000219  0.000031  37
2024 04 14 60414 -0.006516  0.367623 -0.0175376 -0.0003154 -0.108950 -0.010393  0.000215  0.000006  37
2024 04 15 60415 -0.006006  0.369258 -0.0172200 -0.0003154 -0.108547 -0.010605  0.000220 -0.000023  37
2024 04 16 60416 -0.005006  0.371372 -0.0169186 -0.0002722 -0.108325 -0.010510  0.000235 -0.000050  37
2024 04 17 60417 -0.003739  0.373906 -0.0166919 -0.0001576 -0.108120 -0.010269  0.000276 -0.000059  37
2024 04 18 60418 -0.002991  0.376663 -0.0166288  0.0000334 -0.107833 -0.010067  0.000323 -0.000059  37
2024 04 19 60419 -0.002488  0.379010 -0.0167689  0.0002316 -0.107557 -0.009897  0.000363 -0.000056  37
2024 04 20 60420 -0.002076  0.381507 -0.0170775  0.0003763 -0.107542 -0.009654  0.000355 -0.000049  37
2024 04 21 60421 -0.002231  0.384143 -0.0175024  0.0004687 -0.107749 -0.009364  0.000320 -0.000042  37
2024 04 22 60422 -0.002308  0.386320 -0.0180668  0.0004817 -0.108011 -0.009209  0.000280 -0.000040  37
2024 04 23 60423 -0.001740  0.388472 -0.0185058  0.0004633 -0.108224 -0.009336  0.000247 -0.000047  37
2024 04 24 60424 -0.000963  0.390700 -0.0189052  0.0003394 -0.108299 -0.009705  0.000262 -0.000082  37
2024 04 25 60425  0.000442  0.393116 -0.0191781  0.0001801 -0.108306 -0.010096  0.000295 -0.000125  37
2024 04 26 60426  0.001257  0.395847 -0.0192454 -0.0000449 -0.108234 -0.010353  0.000330 -0.000165  37
2024 04 27 60427  0.001524  0.398094 -0.0190870 -0.0002543 -0.108118 -0.010458  0.000342 -0.000173  37
2024 04 28 60428  0.001661  0.400368 -0.0187657 -0.0003724 -0.107985 -0.010505  0.000337 -0.000161  37
2024 04 29 60429  0.002190  0.401996 -0.0183821 -0.0003851 -0.107844 -0.010559  0.000326 -0.000144  37
2024 04 30 60430  0.003035  0.403402 -0.0180341 -0.0003027 -0.107669 -0.010625  0.000311 -0.000128  37
2024 05 01 60431  0.003992  0.404771 -0.0178029 -0.0001376 -0.107437 -0.010716  0.000299 -0.000134  37
2024 05 02 60432  0.005650  0.406402 -0.0177874  0.0001223 -0.107217 -0.010805  0.000289 -0.000149  37
2024 05 03 60433  0.007127  0.408194 -0.0180579  0.0004324 -0.107109 -0.010811  0.000280 -0.000164  37
2024 05 04 60434  0.009235  0.410131 -0.0186491  0.0007241 -0.107183 -0.010643  0.000278 -0.000182  37
2024 05 05 60435  0.010796  0.412148 -0.0194610  0.0008770 -0.107475 -0.010323  0.000281 -0.000196  37
2024 05 06 60436  0.011708  0.413817 -0.0203513  0.0008525 -0.107930 -0.010021  0.000285 -0.000197  37
2024 05 07 60437  0.012100  0.415269 -0.0210976  0.0006121 -0.108416 -0.009889  0.000288 -0.000182  37
2024 05 08 60438  0.012288  0.416326 -0.0215271  0.0002536 -0.108840 -0.009890  0.000284 -0.000118  37
2024 05 09 60439  0.012646  0.417387 -0.0216091 -0.0000864 -0.109141 -0.009979  0.000277 -0.000038  37
2024 05 10 60440  0.012979  0.418733 -0.0213867 -0.0003339 -0.109235 -0.010159  0.000269  0.000035  37
2024 05 11 60441  0.013640  0.420261 -0.0209932 -0.0004325 -0.109044 -0.010469  0.000260  0.000054  37
2024 05 12 60442  0.014171  0.421876 -0.0205749 -0.0004011 -0.108655 -0.010771  0.000252  0.000037  37
2024 05 13 60443  0.014606  0.423343 -0.0202186 -0.0002993 -0.108332 -0.010877  0.000247  0.000007  37
2024 05 14 60444  0.015229  0.424711 -0.0199961 -0.0001462 -0.108246 -0.010751  0.000248 -0.000028  37
2024 05 15 60445  0.015820  0.425951 -0.0199247 -0.0000052 -0.108279 -0.010522  0.000261 -0.000044  37
2024 05 16 60446  0.016606  0.426602 -0.0199709  0.0000995 -0.108246 -0.010355  0.000281 -0.000053  37
2024 05 17 60447  0.017715  0.427884 -0.0201155  0.0001837 -0.108136 -0.010249  0.000304 -0.000061  37
2024 05 18 60448  0.018717  0.429072 -0.0203244  0.0002399 -0.108102 -0.010097  0.000330 -0.000069  37
2024 05 19 60449  0.020076  0.430148 -0.0205901  0.0002944 -0.108245 -0.009875  0.000356 -0.000077  37
2024 05 20 60450  0.021803  0.431244 -0.0209125  0.0003159 -0.108511 -0.009714  0.000379 -0.000086  37
2024 05 21 60451  0.023339  0.432571 -0.0211852  0.0002252 -0.108789 -0.009771  0.000395 -0.000095  37
2024 05 22 60452  0.024717  0.434053 -0.0213394  0.0000736 -0.109038 -0.010051  0.000397 -0.000106  37
2024 05 23 60453  0.026116  0.435695 -0.0213148 -0.0001192 -0.109223 -0.010386  0.000391 -0.000115  37
2024 05 24 60454  0.026781  0.437520 -0.0210862 -0.0003264 -0.109316 -0.010597  0.000378 -0.000123  37
2024 05 25 60455  0.026851  0.439024 -0.0206853 -0.0004603 -0.109330 -0.010626  0.000356 -0.000123  37
2024 05 26 60456  0.027178  0.440415 -0.0202039 -0.0004897 -0.109308 -0.010564  0.000331 -0.000120  37
2024 05 27 60457  0.028245  0.441833 -0.0197433 -0.0004118 -0.109280 -0.010527  0.000310 -0.000117  37
2024 05 28 60458  0.029456  0.443877 -0.0194182 -0.0002200 -0.109209 -0.010554  0.000297 -0.000118  37
2024 05 29 60459  0.030834  0.445716 -0.0193275  0.0000348 -0.108990 -0.010615  0.000316 -0.000137  37
2024 05 30 60460  0.032065  0.447664 -0.0194796  0.0002748 -0.108720 -0.010625  0.000345 -0.000161  37
2024 05 31 60461  0.033064  0.449242 -0.0198640  0.0004904 -0.108575 -0.010528  0.000372 -0.000180  37
2024 06 01 60462  0.033901  0.450745 -0.0204347  0.0006175 -0.108757 -0.010316  0.000366 -0.000182  37
2024 06 02 60463  0.034788  0.452427 -0.0210401  0.0005760 -0.109214 -0.010053  0.000341 -0.000170  37
2024 06 03 60464  0.035389  0.454416 -0.0215550  0.0004303 -0.109761 -0.009839  0.000313 -0.000148  37
2024 06 04 60465  0.035931  0.456259 -0.0218823  0.0001961 -0.110232 -0.009744  0.000291 -0.000117  37
2024 06 05 60466  0.036704  0.457755 -0.0219302 -0.0001205 -0.110507 -0.009772  0.000299 -0.000070  37
2024 06 06 60467  0.037521  0.459066 -0.0216328 -0.0004598 -0.110631 -0.009912  0.000320 -0.000022  37
2024 06 07 60468  0.038637  0.460402 -0.0210402 -0.0006908 -0.110618 -0.010133  0.000345  0.000014  37
2024 06 08 60469  0.040012  0.461645 -0.0203105 -0.0007593 -0.110465 -0.010399  0.000367 -0.000005  37
2024 06 09 60470  0.042019  0.462994 -0.0195594 -0.0007381 -0.110238 -0.010579  0.000384 -0.000056  37
2024 06 10 60471  0.043884  0.464429 -0.0188461 -0.0006677 -0.110095 -0.010578  0.000395 -0.000113  37
2024 06 11 60472  0.045760  0.465216 -0.0182381 -0.0005477 -0.110157 -0.010432  0.000399 -0.000163  37
2024 06 12 60473  0.047756  0.466025 -0.0177505 -0.0004364 -0.110407 -0.010234  0.000385 -0.000158  37
2024 06 13 60474  0.049953  0.466673 -0.0173483 -0.0003783 -0.110660 -0.010110  0.000364 -0.000133  37
2024 06 14 60475  0.051837  0.467749 -0.0169626 -0.0003906 -0.110818 -0.010034  0.000342 -0.000107  37
2024 06 15 60476  0.053594  0.468954 -0.0165938 -0.0004116 -0.110937 -0.009928  0.000332 -0.000109  37
2024 06 16 60477  0.055322  0.470123 -0.0161539 -0.0004699 -0.111176 -0.009766  0.000332 -0.000131  37
2024 06 17 60478  0.057200  0.470996 -0.0155921 -0.0005705 -0.111592 -0.009652  0.000338 -0.000162  37
2024 06 18 60479  0.058792  0.472004 -0.0149779 -0.0007738 -0.112072 -0.009713  0.000348 -0.000201  37
2024 06 19 60480  0.060704  0.472600 -0.0140567 -0.0010414 -0.112437 -0.009966  0.000365 -0.000253  37
2024 06 20 60481  0.062932  0.473227 -0.0129113 -0.0012057 -0.112609 -0.010273  0.000385 -0.000301  37
2024 06 21 60482  0.065533  0.473706 -0.0116505 -0.0013151 -0.112626 -0.010481  0.000402 -0.000332  37
2024 06 22 60483  0.068542  0.474237 -0.0103126 -0.0013627 -0.112591 -0.010486  0.000406 -0.000300  37
2024 06 23 60484  0.071028  0.474967 -0.0089513 -0.0013427 -0.112542 -0.010347  0.000402 -0.000229  37
2024 06 24 60485  0.073439  0.475547 -0.0076735 -0.0011894 -0.112487 -0.010156  0.000393 -0.000150  37
2024 06 25 60486  0.075266  0.476263 -0.0066049 -0.0009415 -0.112463 -0.009978  0.000382 -0.000075  37
2024 06 26 60487  0.077422  0.476800 -0.0058127 -0.0006492 -0.112515 -0.009883  0.000375 -0.000050  37
2024 06 27 60488  0.080051  0.477269 -0.0052874 -0.0004096 -0.112689 -0.009843  0.000367 -0.000049  37
2024 06 28 60489  0.082536  0.477885 -0.0049609 -0.0002650 -0.112956 -0.009823  0.000354 -0.000058  37
2024 06 29 60490  0.085080  0.478199 -0.0047153 -0.0002533 -0.113298 -0.009783  0.000319 -0.000074  37
2024 06 30 60491  0.088030  0.478751 -0.0044074 -0.0004016 -0.113656 -0.009708  0.000275 -0.000092  37
2024 07 01 60492  0.090782  0.479038 -0.0038615 -0.0006906 -0.114017 -0.009616  0.000236 -0.000110  37
2024 07 02 60493  0.093584  0.478805 -0.0030221 -0.0009923 -0.114375 -0.009560  0.000214 -0.000124  37
2024 07 03 60494  0.096532  0.478970 -0.0018912 -0.0012694 -0.114585 -0.009597  0.000247 -0.000120  37
2024 07 04 60495  0.099367  0.478355 -0.0004934 -0.0015138 -0.114641 -0.009779  0.000301 -0.000109  37
2024 07 05 60496  0.102081  0.478183  0.0011071 -0.0016508 -0.114546 -0.010066  0.000356 -0.000102  37
2024 07 06 60497  0.104384  0.478116  0.0027521 -0.0016238 -0.114436 -0.010335  0.000375 -0.000120  37
2024 07 07 60498  0.106624  0.478239  0.0043143 -0.0015009 -0.114373 -0.010416  0.000371 -0.000151  37
2024 07 08 60499  0.108226  0.478093  0.0057444 -0.0013476 -0.114406 -0.010258  0.000360 -0.000182  37
2024 07 09 60500  0.109810  0.477690  0.0070023 -0.0011665 -0.114566 -0.009978  0.000348 -0.000206  37
2024 07 10 60501  0.111636  0.477258  0.0080798 -0.0009993 -0.114793 -0.009743  0.000356 -0.000198  37
2024 07 11 60502  0.113768  0.476916  0.0090187 -0.0008855 -0.115034 -0.009651  0.000370 -0.000175  37
2024 07 12 60503  0.116039  0.477000  0.0098703 -0.0008047 -0.115201 -0.009632  0.000383 -0.000148  37
2024 07 13 60504  0.118360  0.477473  0.0106266 -0.0007200 -0.115329 -0.009575  0.000380 -0.000121  37
2024 07 14 60505  0.120875  0.478338  0.0113212 -0.0006988 -0.115555 -0.009479  0.000368 -0.000099  37
2024 07 15 60506  0.122866  0.478980  0.0120569 -0.0007774 -0.116010 -0.009461  0.000358 -0.000084  37
2024 07 16 60507  0.125287  0.479564  0.0128929 -0.0008987 -0.116609 -0.009606  0.000353 -0.000079  37
2024 07 17 60508  0.127885  0.479652  0.0138606 -0.0010386 -0.116724 -0.009925  0.000491 -0.000154  37
2024 07 18 60509  0.130505  0.479446  0.0149662 -0.0011729 -0.116623 -0.010186  0.000583 -0.000216  37
2024 07 19 60510  0.132791  0.479314  0.0161932 -0.0012666 -0.116703 -0.010254  0.000499 -0.000200  37
2024 07 20 60511  0.134975  0.479276  0.0174675 -0.0012617 -0.117432 -0.010070  0.000138 -0.000021  37
2024 07 21 60512  0.137364  0.479273  0.0186750 -0.0011354 -0.117298 -0.010017  0.000141 -0.000029  37
2024 07 22 60513  0.140101  0.479009  0.0197043 -0.0008983 -0.117217 -0.009898  0.000140 -0.000034  37
2024 07 23 60514  0.142827  0.478972  0.0204451 -0.0005834 -0.117240 -0.009732  0.000134 -0.000035  37
2024 07 24 60515  0.145568  0.479147  0.0208798 -0.0003007 -0.117479 -0.009621  0.000124 -0.000029  37
2024 07 25 60516  0.148421  0.479491  0.0210858 -0.0001242 -0.117933 -0.009649  0.000113 -0.000020  37
2024 07 26 60517  0.150907  0.479561  0.0211722 -0.0000754 -0.118417 -0.009773  0.000103 -0.000009  37
2024 07 27 60518  0.152923  0.479610  0.0212846 -0.0001835 -0.118726 -0.009865  0.000099  0.000001  37
2024 07 28 60519  0.154237  0.479369  0.0215860 -0.0004295 -0.118824 -0.009850  0.000101  0.000009  37
2024 07 29 60520  0.155819  0.478713  0.0221603 -0.0007063 -0.118858 -0.009756  0.000108  0.000016  37
2024 07 30 60521  0.157433  0.478192  0.0229772 -0.0009281 -0.118989 -0.009667  0.000118  0.000022  37
2024 07 31 60522  0.159361  0.477612  0.0239935 -0.0011152 -0.119213 -0.009668  0.000130  0.000027  37
2024 08 01 60523  0.161225  0.477351  0.0251999 -0.0012730 -0.119370 -0.009811  0.000141  0.000029  37
2024 08 02 60524  0.163672  0.476635  0.0265103 -0.0013242 -0.119332 -0.010064  0.000151  0.000027  37
2024 08 03 60525  0.166548  0.476241  0.0278145 -0.0012819 -0.119140 -0.010283  0.000160  0.000022  37
2024 08 04 60526  0.168693  0.476163  0.0290628 -0.0011891 -0.118943 -0.010277  0.000167  0.000017  37
2024 08 05 60527  0.170370  0.475928  0.0301706 -0.0010183 -0.118846 -0.009976  0.000170  0.000014  37
END OBSERVED

NUM_PREDICTED_POINTS 181
BEGIN PREDICTED
2024 08 06 60528  0.172431  0.475227  0.0310896 -0.0008222 -0.118876 -0.009521  0.000171  0.000017  37
2024 08 07 60529  0.174848  0.474440  0.0318212 -0.0006514 -0.119030 -0.009172  0.000168  0.000023  37
2024 08 08 60530  0.176911  0.473673  0.0324105 -0.0005409 -0.119265 -0.009076  0.000162  0.000029  37
2024 08 09 60531  0.178738  0.472960  0.0329304 -0.0005176 -0.119475 -0.009164  0.000157  0.000034  37
2024 08 10 60532  0.180671  0.472336  0.0334672 -0.0005636 -0.119584 -0.009277  0.000152  0.000036  37
2024 08 11 60533  0.182830  0.471669  0.0340656 -0.0006401 -0.119691 -0.009375  0.000149  0.000034  37
2024 08 12 60534  0.184847  0.471022  0.0347633 -0.0007738 -0.119989 -0.009554  0.000148  0.000032  37
2024 08 13 60535  0.186870  0.470187  0.0356075 -0.0009011 -0.120475 -0.009865  0.000149  0.000030  37
2024 08 14 60536  0.188928  0.469237  0.0365630 -0.0010303 -0.120844 -0.010179  0.000152  0.000027  37
2024 08 15 60537  0.190916  0.468145  0.0376608 -0.0011439 -0.120802 -0.010308  0.000157  0.000022  37
2024 08 16 60538  0.192955  0.467048  0.0388131 -0.0011476 -0.120424 -0.010224  0.000164  0.000014  37
2024 08 17 60539  0.194999  0.465961  0.0399214 -0.0010507 -0.120036 -0.010074  0.000169  0.000003  37
2024 08 18 60540  0.197014  0.464963  0.0408758 -0.0008442 -0.119833 -0.009961  0.000171 -0.000007  37
2024 08 19 60541  0.198984  0.464007  0.0415729 -0.0005354 -0.119812 -0.009833  0.000167 -0.000012  37
2024 08 20 60542  0.200767  0.463039  0.0419317 -0.0001887 -0.119977 -0.009657  0.000156 -0.000010  37
2024 08 21 60543  0.202450  0.462051  0.0419724  0.0000883 -0.120358 -0.009574  0.000140 -0.000002  37
2024 08 22 60544  0.204263  0.460883  0.0418065  0.0002105 -0.120836 -0.009709  0.000125  0.000010  37
2024 08 23 60545  0.206019  0.459750  0.0416137  0.0001448 -0.121197 -0.009945  0.000114  0.000024  37
2024 08 24 60546  0.207756  0.458582  0.0415725 -0.0000921 -0.121365 -0.010037  0.000112  0.000037  37
2024 08 25 60547  0.209348  0.457578  0.0418294 -0.0004312 -0.121439 -0.009928  0.000119  0.000049  37
2024 08 26 60548  0.210893  0.456539  0.0424281 -0.0007576 -0.121512 -0.009790  0.000131  0.000059  37
2024 08 27 60549  0.212638  0.455338  0.0433123 -0.0009925 -0.121589 -0.009773  0.000146  0.000068  37
2024 08 28 60550  0.214408  0.454065  0.0443788 -0.0011280 -0.121641 -0.009860  0.000160  0.000074  37
2024 08 29 60551  0.216112  0.452651  0.0455273 -0.0011456 -0.121607 -0.009969  0.000172  0.000075  37
2024 08 30 60552  0.217558  0.451237  0.0466364 -0.0010712 -0.121424 -0.010061  0.000183  0.000072  37
2024 08 31 60553  0.219072  0.449804  0.0476535 -0.0009605 -0.121103 -0.010102  0.000193  0.000066  37
2024 09 01 60554  0.220660  0.448372  0.0485380 -0.0008050 -0.120764 -0.009988  0.000201  0.000062  37
2024 09 02 60555  0.222078  0.446920  0.0492567 -0.0006406 -0.120523 -0.009636  0.000205  0.000061  37
2024 09 03 60556  0.223394  0.445363  0.0498300 -0.0005173 -0.120421 -0.009132  0.000205  0.000064  37
2024 09 04 60557  0.224797  0.443875  0.0503005 -0.0004278 -0.120447 -0.008735  0.000200  0.000069  37
2024 09 05 60558  0.226160  0.442453  0.0507011 -0.0003891 -0.120569 -0.008660  0.000193  0.000073  37
2024 09 06 60559  0.227437  0.441063  0.0511093 -0.0004451 -0.120708 -0.008872  0.000188  0.000074  37
2024 09 07 60560  0.228722  0.439592  0.0516108 -0.0005623 -0.120771 -0.009167  0.000184  0.000073  37
2024 09 08 60561  0.229843  0.438067  0.0522381 -0.0006974 -0.120771 -0.009413  0.000185  0.000071  37
2024 09 09 60562  0.231058  0.436540  0.0530125 -0.0008625 -0.120854 -0.009659  0.000187  0.000071  37
2024 09 10 60563  0.232192  0.434905  0.0539624 -0.0010370 -0.121083 -0.009967  0.000192  0.000071  37
2024 09 11 60564  0.233213  0.433297  0.0550655 -0.0011590 -0.121268 -0.010236  0.000197  0.000070  37
2024 09 12 60565  0.234303  0.431576  0.0562646 -0.0012403 -0.121148 -0.010278  0.000204  0.000064  37
2024 09 13 60566  0.235407  0.429906  0.0575163 -0.0012353 -0.120745 -0.010071  0.000212  0.000054  37
2024 09 14 60567  0.236507  0.428271  0.0586805 -0.0010691 -0.120343 -0.009808  0.000218  0.000042  37
2024 09 15 60568  0.237655  0.426675  0.0596155 -0.0007916 -0.120144 -0.009641  0.000219  0.000032  37
2024 09 16 60569  0.238879  0.425048  0.0602447 -0.0004658 -0.120159 -0.009499  0.000212  0.000027  37
2024 09 17 60570  0.239942  0.423375  0.0605415 -0.0001316 -0.120384 -0.009294  0.000197  0.000029  37
2024 09 18 60571  0.240978  0.421730  0.0605390  0.0001042 -0.120781 -0.009175  0.000177  0.000038  37
2024 09 19 60572  0.241989  0.420106  0.0604072  0.0001160 -0.121106 -0.009321  0.000159  0.000050  37
2024 09 20 60573  0.242935  0.418409  0.0603734 -0.0000731 -0.121116 -0.009591  0.000148  0.000063  37
2024 09 21 60574  0.243665  0.416789  0.0605814 -0.0003512 -0.120947 -0.009641  0.000149  0.000076  37
2024 09 22 60575  0.244497  0.415128  0.0610811 -0.0006537 -0.120959 -0.009413  0.000159  0.000089  37
2024 09 23 60576  0.245302  0.413416  0.0618741 -0.0009213 -0.121204 -0.009225  0.000174  0.000101  37
2024 09 24 60577  0.245961  0.411577  0.0628831 -0.0010738 -0.121376 -0.009327  0.000190  0.000110  37
2024 09 25 60578  0.246813  0.409728  0.0639738 -0.0010875 -0.121264 -0.009591  0.000204  0.000115  37
2024 09 26 60579  0.247543  0.407838  0.0650252 -0.0010089 -0.120960 -0.009725  0.000216  0.000115  37
2024 09 27 60580  0.248201  0.405906  0.0659709 -0.0008787 -0.120612 -0.009631  0.000228  0.000110  37
2024 09 28 60581  0.248749  0.404156  0.0667616 -0.0006999 -0.120247 -0.009418  0.000240  0.000105  37
2024 09 29 60582  0.249117  0.402482  0.0673601 -0.0005050 -0.119876 -0.009167  0.000249  0.000102  37
2024 09 30 60583  0.249587  0.400863  0.0677736 -0.0003299 -0.119570 -0.008842  0.000254  0.000103  37
2024 10 01 60584  0.250188  0.399118  0.0680296 -0.0001936 -0.119389 -0.008441  0.000254  0.000106  37
2024 10 02 60585  0.250798  0.397268  0.0681806 -0.0001228 -0.119321 -0.008128  0.000249  0.000108  37
2024 10 03 60586  0.251248  0.395278  0.0683000 -0.0001294 -0.119334 -0.008111  0.000242  0.000107  37
2024 10 04 60587  0.251819  0.393358  0.0684638 -0.0002108 -0.119389 -0.008408  0.000237  0.000103  37
2024 10 05 60588  0.252370  0.391478  0.0687427 -0.0003577 -0.119425 -0.008811  0.000235  0.000098  37
2024 10 06 60589  0.252607  0.389695  0.0691892 -0.0005390 -0.119385 -0.009108  0.000237  0.000096  37
2024 10 07 60590  0.252678  0.387780  0.0698133 -0.0007063 -0.119290 -0.009275  0.000241  0.000096  37
2024 10 08 60591  0.252864  0.385947  0.0705874 -0.0008418 -0.119212 -0.009407  0.000247  0.000097  37
2024 10 09 60592  0.253112  0.384205  0.0714710 -0.0009112 -0.119144 -0.009518  0.000253  0.000096  37
2024 10 10 60593  0.253657  0.382427  0.0723813 -0.0009035 -0.118983 -0.009514  0.000260  0.000089  37
2024 10 11 60594  0.254172  0.380673  0.0732434 -0.0007963 -0.118692 -0.009359  0.000267  0.000079  37
2024 10 12 60595  0.254558  0.378941  0.0739314 -0.0005650 -0.118382 -0.009168  0.000272  0.000067  37
2024 10 13 60596  0.254878  0.377139  0.0743403 -0.0002400 -0.118171 -0.009037  0.000272  0.000057  37
2024 10 14 60597  0.255121  0.375337  0.0743968  0.0001200 -0.118109 -0.008885  0.000262  0.000053  37
2024 10 15 60598  0.255349  0.373604  0.0741170  0.0004202 -0.118255 -0.008609  0.000244  0.000055  37
2024 10 16 60599  0.255388  0.371923  0.0736021  0.0005764 -0.118590 -0.008351  0.000223  0.000060  37
2024 10 17 60600  0.255452  0.370284  0.0730261  0.0005435 -0.118837 -0.008360  0.000206  0.000068  37
2024 10 18 60601  0.255290  0.368550  0.0725771  0.0003216 -0.118694 -0.008585  0.000197  0.000078  37
2024 10 19 60602  0.255087  0.366915  0.0724192 -0.0000147 -0.118301 -0.008680  0.000200  0.000087  37
2024 10 20 60603  0.254891  0.365182  0.0725999 -0.0003407 -0.118138 -0.008499  0.000211  0.000098  37
2024 10 21 60604  0.254684  0.363515  0.0730683 -0.0005812 -0.118347 -0.008325  0.000226  0.000107  37
2024 10 22 60605  0.254463  0.361877  0.0737185 -0.0007001 -0.118535 -0.008456  0.000241  0.000113  37
2024 10 23 60606  0.254355  0.360192  0.0744182 -0.0006764 -0.118356 -0.008769  0.000254  0.000115  37
2024 10 24 60607  0.254169  0.358412  0.0750356 -0.0005548 -0.117931 -0.008894  0.000265  0.000112  37
2024 10 25 60608  0.254092  0.356589  0.0755106 -0.0003942 -0.117554 -0.008673  0.000276  0.000107  37
2024 10 26 60609  0.253903  0.354728  0.0758130 -0.0002171 -0.117292 -0.008283  0.000287  0.000103  37
2024 10 27 60610  0.253761  0.352900  0.0759437 -0.0000541 -0.117055 -0.007944  0.000296  0.000103  37
2024 10 28 60611  0.253522  0.351210  0.0759299  0.0000680 -0.116832 -0.007688  0.000301  0.000105  37
2024 10 29 60612  0.253234  0.349633  0.0758213  0.0001393 -0.116684 -0.007446  0.000300  0.000106  37
2024 10 30 60613  0.253072  0.348087  0.0756685  0.0001535 -0.116622 -0.007252  0.000295  0.000104  37
2024 10 31 60614  0.252910  0.346625  0.0755345  0.0001044 -0.116612 -0.007254  0.000288  0.000098  37
2024 11 01 60615  0.252849  0.345140  0.0754795 -0.0000055 -0.116649 -0.007519  0.000283  0.000089  37
2024 11 02 60616  0.252505  0.343653  0.0755608 -0.0001630 -0.116726 -0.007902  0.000282  0.000081  37
2024 11 03 60617  0.252025  0.342154  0.0758098 -0.0003375 -0.116760 -0.008177  0.000284  0.000077  37
2024 11 04 60618  0.251579  0.340532  0.0762282 -0.0004972 -0.116642 -0.008248  0.000288  0.000076  37
2024 11 05 60619  0.251144  0.338844  0.0767831 -0.0006053 -0.116369 -0.008198  0.000293  0.000075  37
2024 11 06 60620  0.250709  0.337221  0.0774079 -0.0006332 -0.116054 -0.008151  0.000298  0.000072  37
2024 11 07 60621  0.250101  0.335734  0.0780074 -0.0005443 -0.115782 -0.008141  0.000303  0.000065  37
2024 11 08 60622  0.249543  0.334190  0.0784590 -0.0003483 -0.115536 -0.008138  0.000308  0.000055  37
2024 11 09 60623  0.249032  0.332497  0.0786767 -0.0000732 -0.115272 -0.008121  0.000310  0.000045  37
2024 11 10 60624  0.248344  0.330689  0.0785868  0.0002540 -0.115013 -0.008069  0.000307  0.000037  37
2024 11 11 60625  0.247741  0.328826  0.0781751  0.0005551 -0.114866 -0.007901  0.000296  0.000034  37
2024 11 12 60626  0.247082  0.327099  0.0775130  0.0007388 -0.114964 -0.007567  0.000279  0.000034  37
2024 11 13 60627  0.246358  0.325463  0.0767490  0.0007613 -0.115317 -0.007208  0.000261  0.000036  37
2024 11 14 60628  0.245437  0.323910  0.0760442  0.0006185 -0.115678 -0.007079  0.000247  0.000038  37
2024 11 15 60629  0.244390  0.322456  0.0755597  0.0003293 -0.115728 -0.007229  0.000242  0.000042  37
2024 11 16 60630  0.243336  0.320928  0.0754026 -0.0000173 -0.115467 -0.007417  0.000247  0.000046  37
2024 11 17 60631  0.242241  0.319425  0.0755704 -0.0003031 -0.115230 -0.007433  0.000259  0.000051  37
2024 11 18 60632  0.241257  0.318037  0.0759663 -0.0004750 -0.115207 -0.007369  0.000273  0.000055  37
2024 11 19 60633  0.240307  0.316637  0.0764761 -0.0005268 -0.115190 -0.007433  0.000285  0.000056  37
2024 11 20 60634  0.239411  0.315270  0.0769763 -0.0004589 -0.114932 -0.007595  0.000295  0.000054  37
2024 11 21 60635  0.238593  0.313940  0.0773662 -0.0003185 -0.114533 -0.007613  0.000303  0.000049  37
2024 11 22 60636  0.237751  0.312556  0.0776046 -0.0001642 -0.114265 -0.007361  0.000311  0.000045  37
2024 11 23 60637  0.236969  0.311353  0.0776911 -0.0000144 -0.114200 -0.006986  0.000319  0.000044  37
2024 11 24 60638  0.236335  0.310177  0.0776384  0.0001054 -0.114203 -0.006700  0.000325  0.000047  37
2024 11 25 60639  0.235589  0.308948  0.0774987  0.0001584 -0.114190 -0.006550  0.000328  0.000050  37
2024 11 26 60640  0.234666  0.307636  0.0773390  0.0001520 -0.114191 -0.006444  0.000326  0.000051  37
2024 11 27 60641  0.233820  0.306255  0.0772103  0.0000949 -0.114224 -0.006339  0.000320  0.000046  37
2024 11 28 60642  0.233084  0.304950  0.0771703 -0.0000281 -0.114267 -0.006327  0.000314  0.000036  37
2024 11 29 60643  0.232234  0.303606  0.0772808 -0.0001964 -0.114327 -0.006505  0.000310  0.000024  37
2024 11 30 60644  0.231384  0.302367  0.0775648 -0.0003729 -0.114437 -0.006816  0.000309  0.000014  37
2024 12 01 60645  0.230443  0.301094  0.0780227 -0.0005426 -0.114548 -0.007073  0.000311  0.000007  37
2024 12 02 60646  0.229391  0.299982  0.0786341 -0.0006727 -0.114513 -0.007138  0.000315  0.000004  37
2024 12 03 60647  0.228382  0.298643  0.0793356 -0.0007169 -0.114247 -0.007036  0.000318  0.000000  37
2024 12 04 60648  0.227448  0.297345  0.0800312 -0.0006634 -0.113845 -0.006907  0.000321 -0.000005  37
2024 12 05 60649  0.226544  0.296043  0.0806249 -0.0005069 -0.113482 -0.006867  0.000323 -0.000013  37
2024 12 06 60650  0.225585  0.294831  0.0810148 -0.0002639 -0.113223 -0.006926  0.000324 -0.000021  37
2024 12 07 60651  0.224642  0.293770  0.0811399  0.0000169 -0.113016 -0.007004  0.000323 -0.000028  37
2024 12 08 60652  0.223673  0.292696  0.0809859  0.0002827 -0.112836 -0.007002  0.000317 -0.000031  37
2024 12 09 60653  0.222470  0.291593  0.0805970  0.0004786 -0.112769 -0.006850  0.000306 -0.000032  37
2024 12 10 60654  0.221332  0.290508  0.0800689  0.0005487 -0.112929 -0.006559  0.000293 -0.000032  37
2024 12 11 60655  0.220214  0.289432  0.0795491  0.0004647 -0.113306 -0.006251  0.000280 -0.000033  37
2024 12 12 60656  0.218941  0.288429  0.0791812  0.0002513 -0.113707 -0.006104  0.000273 -0.000034  37
2024 12 13 60657  0.217659  0.287632  0.0790701 -0.0000370 -0.113899 -0.006194  0.000274 -0.000035  37
2024 12 14 60658  0.216166  0.286668  0.0792552 -0.0003324 -0.113813 -0.006410  0.000282 -0.000035  37
2024 12 15 60659  0.214853  0.285679  0.0797053 -0.0005505 -0.113588 -0.006584  0.000294 -0.000034  37
2024 12 16 60660  0.213590  0.284602  0.0803062 -0.0006331 -0.113356 -0.006655  0.000306 -0.000035  37
2024 12 17 60661  0.212243  0.283589  0.0809256 -0.0005927 -0.113096 -0.006672  0.000315 -0.000038  37
2024 12 18 60662  0.210897  0.282601  0.0814587 -0.0004660 -0.112749 -0.006649  0.000321 -0.000044  37
2024 12 19 60663  0.209595  0.281697  0.0818363 -0.0002856 -0.112402 -0.006537  0.000325 -0.000049  37
2024 12 20 60664  0.208238  0.280800  0.0820281 -0.0001098 -0.112230 -0.006330  0.000329 -0.000051  37
2024 12 21 60665  0.206876  0.279953  0.0820693  0.0000154 -0.112290 -0.006124  0.000332 -0.000048  37
2024 12 22 60666  0.205790  0.279055  0.0820116  0.0000885 -0.112481 -0.006017  0.000335 -0.000041  37
2024 12 23 60667  0.204639  0.278279  0.0819081  0.0001077 -0.112685 -0.005999  0.000334 -0.000036  37
2024 12 24 60668  0.203466  0.277450  0.0818168  0.0000614 -0.112860 -0.005985  0.000330 -0.000035  37
2024 12 25 60669  0.202148  0.276643  0.0818036 -0.0000425 -0.112998 -0.005946  0.000325 -0.000041  37
2024 12 26 60670  0.200664  0.275913  0.0819121 -0.0001810 -0.113083 -0.005957  0.000321 -0.000051  37
2024 12 27 60671  0.199268  0.275168  0.0821716 -0.0003428 -0.113120 -0.006109  0.000319 -0.000063  37
2024 12 28 60672  0.197875  0.274552  0.0825976 -0.0005113 -0.113154 -0.006379  0.000320 -0.000074  37
2024 12 29 60673  0.196470  0.273918  0.0831811 -0.0006484 -0.113208 -0.006632  0.000323 -0.000082  37
2024 12 30 60674  0.195140  0.273231  0.0838676 -0.0007143 -0.113225 -0.006742  0.000326 -0.000089  37
2024 12 31 60675  0.193673  0.272534  0.0845753 -0.0006885 -0.113118 -0.006687  0.000329 -0.000096  37
2025 01 01 60676  0.192210  0.271906  0.0852027 -0.0005492 -0.112873 -0.006556  0.000330 -0.000104  37
2025 01 02 60677  0.190778  0.271340  0.0856366 -0.0003078 -0.112586 -0.006452  0.000328 -0.000111  37
2025 01 03 60678  0.189279  0.270927  0.0857995 -0.0000133 -0.112374 -0.006426  0.000325 -0.000117  37
2025 01 04 60679  0.187889  0.270442  0.0856699  0.0002631 -0.112300 -0.006452  0.000318 -0.000118  37
2025 01 05 60680  0.186398  0.269998  0.0853013  0.0004589 -0.112369 -0.006467  0.000309 -0.000116  37
2025 01 06 60681  0.184884  0.269525  0.0847952  0.0005260 -0.112558 -0.006416  0.000299 -0.000112  37
2025 01 07 60682  0.183337  0.269130  0.0842975  0.0004448 -0.112832 -0.006290  0.000290 -0.000109  37
2025 01 08 60683  0.181930  0.268719  0.0839445  0.0002406 -0.113123 -0.006142  0.000285 -0.000109  37
2025 01 09 60684  0.180559  0.268333  0.0838372 -0.0000328 -0.113341 -0.006053  0.000286 -0.000110  37
2025 01 10 60685  0.179088  0.268109  0.0840088 -0.0003088 -0.113397 -0.006085  0.000292 -0.000111  37
2025 01 11 60686  0.177616  0.267882  0.0844321 -0.0005255 -0.113256 -0.006237  0.000302 -0.000112  37
2025 01 12 60687  0.176121  0.267675  0.0850197 -0.0006349 -0.112952 -0.006439  0.000314 -0.000114  37
2025 01 13 60688  0.174718  0.267394  0.0856538 -0.0006160 -0.112575 -0.006600  0.000323 -0.000118  37
2025 01 14 60689  0.173330  0.267166  0.0862104 -0.0004895 -0.112209 -0.006646  0.000329 -0.000124  37
2025 01 15 60690  0.171947  0.266960  0.0866096 -0.0003067 -0.111898 -0.006554  0.000332 -0.000130  37
2025 01 16 60691  0.170537  0.266745  0.0868159 -0.0001093 -0.111669 -0.006372  0.000333 -0.000133  37
2025 01 17 60692  0.169067  0.266618  0.0868333  0.0000661 -0.111565 -0.006204  0.000333 -0.000132  37
2025 01 18 60693  0.167609  0.266518  0.0867016  0.0001820 -0.111632 -0.006146  0.000331 -0.000125  37
2025 01 19 60694  0.166133  0.266489  0.0864916  0.0002265 -0.111859 -0.006204  0.000329 -0.000116  37
2025 01 20 60695  0.164833  0.266408  0.0862693  0.0002061 -0.112163 -0.006293  0.000325 -0.000110  37
2025 01 21 60696  0.163478  0.266389  0.0861013  0.0001181 -0.112440 -0.006337  0.000321 -0.000109  37
2025 01 22 60697  0.161979  0.266403  0.0860502 -0.0000248 -0.112631 -0.006359  0.000317 -0.000114  37
2025 01 23 60698  0.160587  0.266281  0.0861563 -0.0001910 -0.112718 -0.006458  0.000316 -0.000123  37
2025 01 24 60699  0.159044  0.266187  0.0864295 -0.0003594 -0.112698 -0.006683  0.000316 -0.000133  37
2025 01 25 60700  0.157494  0.266163  0.0868643 -0.0005069 -0.112596 -0.006968  0.000319 -0.000143  37
2025 01 26 60701  0.155966  0.266224  0.0874195 -0.0005940 -0.112499 -0.007194  0.000323 -0.000151  37
2025 01 27 60702  0.154378  0.266293  0.0880182 -0.0005894 -0.112507 -0.007305  0.000327 -0.000160  37
2025 01 28 60703  0.152674  0.266425  0.0885584 -0.0004760 -0.112599 -0.007329  0.000329 -0.000170  37
2025 01 29 60704  0.151070  0.266410  0.0889293 -0.0002510 -0.112624 -0.007294  0.000328 -0.000180  37
2025 01 30 60705  0.149576  0.266560  0.0890317  0.0000512 -0.112476 -0.007187  0.000322 -0.000187  37
2025 01 31 60706  0.148141  0.266782  0.0888234  0.0003605 -0.112268 -0.007026  0.000312 -0.000188  37
2025 02 01 60707  0.146575  0.267013  0.0883346  0.0006001 -0.112240 -0.006893  0.000299 -0.000184  37
2025 02 02 60708  0.144935  0.267376  0.0876695  0.0007045 -0.112506 -0.006870  0.000286 -0.000176  37
END PREDICTED
